query_id,product_id,relevance,reason,query_text,query_image_path,product_text,product_image_path
q001,B0723H8HJY|amazon.com,1,not gray,"gray fabric sofa for a small living room, not leather",,"Title: Amazon Brand – Stone & Beam Kristin Performance Fabric Sectional Sofa Couch, 93""W, Stone
Category: Furniture/Living Room Furniture/Sofas & Couches
Product type: SOFA
Brand: Stone & Beam
Color: Stone
Material: Wood frame; Polyester/nylon
Style: Transitional
Dimensions (H x W x L): 37.5 x 93 x 37 inches
Features: This inviting sectional sofa will be the center of many get-togethers with family and friends. With a classic round-armed style and durable build, no one will be able to resist sitting down and relaxing in all-out comfort.; 93""W x 37""D x 37.5""H; Solid hardwood and laminate wood frame; polyester/nylon performance fabric; Modern casual; Classic style designed for heavy-duty use; Minimal assembly required; Free returns for 30 days. 3-year warranty.",data/raw/images/small/18/1882f1e4.jpg
q001,B073G8Q656|amazon.com,2,exact match,"gray fabric sofa for a small living room, not leather",,"Title: Amazon Brand – Stone & Beam Carrigan Modern Sofa Couch with Slipcover, 88.5""W, Grey Taupe
Category: Home Décor/Slipcovers/Sofa Slipcovers
Product type: FURNITURE_COVER
Brand: Stone & Beam
Color: Grey Taupe
Material: hardwood and laminate wood with 100% cotton
Style: Classic
Dimensions (H x W x L): 37 x 88.5 x 39 inches
Features: Nothing says casual comfort like this simple slipcovered sofa. With a classic design in a 100% cotton fabric it's not only super cozy but low maintenance and built to endure wear and tear.; 88.5""W x 39""D x 37""H; Solid hardwood and laminate wood with 100% cotton; Casual; Exceptionally functional; removable slipcovers, reversible cushions; Easy assembly in 15 minutes; Free returns for 30 days. 3-year warranty.",data/raw/images/small/54/540d3b8b.jpg
q001,B073ZRNDP4|amazon.com,1,not gray,"gray fabric sofa for a small living room, not leather",,"Title: Amazon Brand – Rivet Emerly Modern Sofa, 83.5""W, Navy
Category: Furniture/Living Room Furniture/Sofas & Couches
Product type: SOFA
Brand: Rivet
Color: Navy
Material: Velvet, Hardwood frame, Metal legs
Style: Transitional
Dimensions (H x W x L): 34 x 35 x 83.5 inches
Features: Hardwood frame with sturdy mortise-and-tenon joints, performance fabric, metal legs; Overall: 83.5""W x 35""D x 34""H; seat height: 19.5""H; seat depth: 28""D; seat back height: 27.5""H; arm height: 27.5""H; leg height: 6""H; Wood, 100% polyester fabric, foam, metal; Contemporary; Reversible cushions double the lifespan of this piece; Fashionable yet practical and easy to clean; Free returns for 30 days. 1-year warranty.",data/raw/images/small/c4/c4ac1f6e.jpg
q001,B07B4D88DY|amazon.com,2,exact match,"gray fabric sofa for a small living room, not leather",,"Title: Amazon Brand – Rivet Edgewest Low Back Modern Right Chaise Sofa Sectional, 115""W, Charcoal Grey
Category: Furniture/Living Room Furniture/Sofas & Couches
Product type: SOFA
Brand: Rivet
Color: Charcoal Grey
Material: Metal
Style: Industrial
Dimensions (H x W x L): 36 x 28 x 75 inches
Features: Features such as track arms, box-edge framing and metal legs make this collection look sharp in modern or industrial settings. Back and seat cushions are reversible, and the pieces can be configured in many ways to accommodate family and friends.; 115""W x 58""D x 32""H; Seat Height: 19""H ; Seat Depth: 23""D; Seat Back Height: 25""H; Arm Height: 25""H; Leg Height: 5.25""H; Stain-resistant polyester fabric; hardwood pine frame; metal legs with bronze finish; Crisp, clean lines and metal legs are hallmarks of contemporary style; Carefully crafted with a solid wood frame to ensure durability; Easy assembly in less than 15 minutes; just screw in legs; Free returns for 30 days. 1-year warranty.",data/raw/images/small/15/15709191.jpg
q001,B07B4FWGZS|amazon.com,0,"not gray, and leather material","gray fabric sofa for a small living room, not leather",,"Title: Amazon Brand – Stone & Beam Andover Sofa Couch, 90""W, Saddle-Colored Leather
Category: Furniture/Living Room Furniture/Sofas & Couches
Product type: SOFA
Brand: Stone & Beam
Color: Saddle
Material: stone
Dimensions (H x W x L): 41 x 41 x 90 inches
Features: Complete your living space with this stylish sofa. With its saddle-colored upholstery, this sofa is an ideal accent for transitional-style home decor.The solid-wood frame enhances durability and extends this sofa’s life.; Overall: 90""W x 38""D x 33""H; seat height: 21""H; seat depth: 25""D; seat back height: 28""H; arm height: 28""H; leg height: 4.25""H; Sturdy wood frame with rich top-grain leather upholstery; Transitional style blends well with a variety of home-decor themes.; Assemble in 15 minutes or less; Free returns for 30 days. 3-year warranty.; This item is made to order just for you.",data/raw/images/small/35/35ae12f9.jpg
q001,B07B4MRLT8|amazon.com,2,exact match,"gray fabric sofa for a small living room, not leather",,"Title: Amazon Brand – Stone & Beam Bartow Living Room Sectional Sofa Couch with Slipcover, 95.5""W, Grey
Category: Home Décor/Slipcovers/Sofa Slipcovers
Product type: FURNITURE_COVER
Brand: Stone & Beam
Color: Grey
Material: stone
Dimensions (H x W x L): 37.5 x 95.5 x 41.5 inches
Features: With removable slipcovers that can be machine washed or dry cleaned, this sofa is perfect for a busy family. The cotton duck cover is double-stitched for durability, and the cozy, casual style will blend with most any decor.; 95.5""W x 41.5""D x 37.5""H; Seat Height: 19.5""H ; Seat Depth: 30""D; Seat Back Height: 29.75""H; Arm Height: 29.75""H; Leg Height: 3""H; Cotton duck slipcover; hardwood frame; A lovely casual piece that fits with classic, transitional or farmhouse décor; Cotton duck fabric is durable and easy to clean; body, cushion and pillows have individual slipcovers; Easy assembly in 15 minutes or less; just screw on legs; Free returns for 30 days. 1-year warranty.",data/raw/images/small/a2/a2b3856e.jpg
q001,B07BWJCVR2|amazon.com,2,exact match,"gray fabric sofa for a small living room, not leather",,"Title: Amazon Brand – Stone & Beam Carrigan Modern Chaise Sofa Couch with Slipcover, 95""W, Grey Taupe
Category: Home Décor/Slipcovers/Sofa Slipcovers
Product type: FURNITURE_COVER
Brand: Stone & Beam
Color: Grey Taupe
Material: stone
Dimensions (H x W x L): 31 x 41 x 96 inches
Features: Nothing says casual comfort like this simple slipcovered sofa. With a classic design in a 100% cotton fabric it's not only super cozy but low maintenance and built to endure wear and tear.; 95""W x 39""D x 37""H; Solid hardwood and laminate wood with 100% cotton; Casual; Exceptionally functional; removable slipcovers, reversible cushions; 4 easy-to-attach legs; Free returns for 30 days. 3-year warranty.",data/raw/images/small/cb/cb67cd51.jpg
q001,B07HPNBTHF|amazon.co.uk,0,not gray and leather material,"gray fabric sofa for a small living room, not leather",,"Title: Amazon Brand - Alkove Porto Hand-Crafted Leather Sofa, 3 Seater, 97 x 210 x 90cm, Mineral
Category: Home & Garden/Home & Kitchen/Categories/Furniture/Living Room Furniture/Sofas & Couches
Product type: SOFA
Brand: Alkove
Color: Beige
Material: Leather
Style: Modern
Dimensions (H x W x L): 90 x 210 x 97 centimeters
Features: Thanks to its classic style, this sofa is the perfect match for any home. It features elegant piping, polished steel feet and a streamlined design, with soft arms and generously padded cushions for comfort; Size: 97 x 210 x 90cm (L x W x H); Features a solid frame made from certified timber and steel bars; Seats generously cushioned with high-density polyurethane foam. Seat and back cushions are detachable; Hand-crafted in Italy by skilled artisans with high-quality, thick cowhide leather; 2-year Product Warranty",data/raw/images/small/69/696bf8f6.jpg
q001,B07HZ57QKK|amazon.com,1,not gray,"gray fabric sofa for a small living room, not leather",,"Title: Amazon Brand – Stone & Beam Kristin Loveseat, 76""W, Indigo
Category: Furniture/Living Room Furniture/Sofas & Couches
Product type: SOFA
Brand: Stone & Beam
Color: Navy
Material: stone
Style: Transitional
Dimensions (H x W x L): 42 x 37.5 x 85 inches
Features: Add style and comfort to your home with this classic loveseat. With a time-tested traditional design, this loveseat is an ideal accent for many home-decor styles, and its beautiful indigo hue brightens the room with color. Its cushions are reversible to extend this loveseat’s life.; Overall: 76""W x 37""D x 37.5""H; Seat Height: 21.5""H; Seat Depth 24""D; Seat Back Height: 30""H; Arm Height: 32""H; Leg Height: 2.5""H; Solid-wood frame with mortise-and-tenon construction and 8-guage sinuous spring support system, fully padded and upholstered with performance fabric; Traditional design is both fashionable and practical.; Loose back and seat cushions are removable and reversible to ensure durability and comfort.; No assembly required; Free returns for 30 days. 3-year warranty.; This item is made to order just for you.",data/raw/images/small/7b/7bf60c77.jpg
q001,B07K2JGTDN|amazon.com,2,exact match,"gray fabric sofa for a small living room, not leather",,"Title: Rivet Marble (Light Grey) Swatch, Rivet
Category: Furniture/Living Room Furniture/Sofas & Couches
Product type: SOFA
Brand: Rivet
Color: Marble (Light Grey)
Style: Fredrickson Marble
Features: Country of Origin: China; No assembly required; Color: Marble (Light Grey)",data/raw/images/small/6a/6ad750cf.jpg
q001,B07KGNMG54|amazon.ca,1,not gray and big for small living room,"gray fabric sofa for a small living room, not leather",,"Title: Stone & Beam Andover
Category: Home Décor/Slipcovers
Product type: FURNITURE_COVER
Brand: Stone & Beam
Color: Stone",data/raw/images/small/a3/a3072087.jpg
q001,B07PBJ67Y5|amazon.com,1,not gray,"gray fabric sofa for a small living room, not leather",,"Title: Stone Swatch, Stone & Beam 25020102-06
Category: Furniture
Product type: SWATCH
Brand: Stone & Beam
Color: Stone",data/raw/images/small/6b/6b8c8a9a.jpg
q001,B07PC11RS2|amazon.com,0,"not gray, and leather material","gray fabric sofa for a small living room, not leather",,"Title: Amazon Brand – Stone & Beam Leila Tufted Leather Loveseat Sofa Couch, 69""W, Saddle
Category: Furniture/Living Room Furniture/Sofas & Couches
Product type: SOFA
Brand: Stone & Beam
Color: Saddle
Material: Leather
Dimensions (H x W x L): 31 x 69 x 36 inches
Features: Vintage design and chic leather upholstery combine in this piece, making it the perfect fit for modern and classic decor schemes. Foam-padded cushions and solid wood legs ensure that this loveseat is functional and comfortable as well as a stylish addition to any lounge area.; 69""W x 36""D x 31""; Sturdy wood frame and solid wood legs in a dark walnut finish with rich 100% top-grain leather. Foam cushions provide lasting support and comfort.; Treat yourself to luxury with this striking vintage-look loveseat. The classic upholstery and solid wood legs in an espresso finish exude opulence.; Rich leather upholstery adds sophistication and comfort to any space.; Assemble in 15 minutes or less; Vacuum or wipe with a dry cloth. Spot clean if needed.; Free returns for 30 days. 3-year warranty.",data/raw/images/small/5a/5a75ad91.jpg
q001,B07QFP4M7W|amazon.com,1,not gray,"gray fabric sofa for a small living room, not leather",,"Title: Stone & Beam Abigail Sofa Couch, 86""W, Golden Brown
Category: Furniture/Living Room Furniture/Sofas & Couches
Product type: SOFA
Brand: Stone & Beam
Color: Golden Brown
Dimensions (H x W x L): 35 x 86 x 41 inches
Features: Comfort meets class in this attractive transitional-style sofa. The angular shape makes a statement in your home decor, and four dark-colored legs add elegance to the piece. The back and seat cushions are reversible to prolong the life of this sofa.; 86""W x 41""D x 35""H; seat height: 20""H; seat depth: 40""D; seat back height: 15""H; arm height: 25""H; leg height: 1.5""H; Sturdy wood frame with life-friendly 83% olefin and 17% polyester performance fabric; The removable and reversible seat and back cushions ensure durability and comfort.Q55; Classy angular design pairs well with contemporary-style home decor.; Assemble in 15 minutes or less; Vacuum or wipe with a dry cloth. Spot clean if needed.; Free returns for 30 days. 3-year warranty.",data/raw/images/small/10/106399e0.jpg
q001,B07QHYD61X|amazon.com,1,not gray,"gray fabric sofa for a small living room, not leather",,"Title: Amazon Brand – Stone & Beam Faraday Down-Filled Casual Loveseat, 75""W, Charcoal
Category: Furniture/Living Room Furniture/Sofas & Couches
Product type: SOFA
Brand: Stone & Beam
Color: Charcoal
Material: Cotton
Dimensions (H x W x L): 32.28 x 42.13 x 75.59 inches
Features: This modern love seat comes with removable and reversible down-filled cushions for comfort. Roomy seating is nice with company or family, and the neutral tone matches most decor, making it a great choice for any room. The luxury of a cotton-blend upholstery helps keep everyone cool through the summer.; 75"" Width x 43"" Depth x 33"" Height; Solid hardwood frame with down-filled seat and back cushions; Removable and reversible cushions; This casual love seat offers down-filled cushions and a seat depth of 43"" for extra comfort.; No assembly required; Avoid moisture. Wipe with a soft, dry cloth.; Free returns for 30 days. 3-year warranty.",data/raw/images/small/15/15750995.jpg
q001,B07QJXW4JR|amazon.com,1,not gray,"gray fabric sofa for a small living room, not leather",,"Title: Amazon Brand – Stone & Beam Elizabeth Contemporary Loveseat Sofa, 65""W, Light Grey
Category: Furniture/Living Room Furniture/Sofas & Couches
Product type: SOFA
Brand: Stone & Beam
Color: Flax
Dimensions (H x W x L): 38 x 38 x 65 inches
Features: Clean lines give this loveseat sofa a modern, sophisticated look. Removable seat cushions and backs are comfortable and easy to adjust, with performance fabric upholstery to help reduce the wear and tear caused by daily life. Steel seat springs and a wood frame provide structure, support and durability.; 65""W x 38""D x 38""H; Wood frame and legs, steel springs, foam, fiber; Loose, reversible back and seat cushions in durable upholstery; This contemporary light grey loveseat sofa with reversible cushions matches most decor styles; Assemble in 15 minutes or less; Lightly vacuum every month or two to remove dirt and dust; Free returns for 30 days. 3-year warranty.",data/raw/images/small/9c/9cbe26d9.jpg
q001,B083XBTBCH|amazon.ca,0,"not gray, and leather material","gray fabric sofa for a small living room, not leather",,"Title: Rivet Andrews Contemporary Top-Grain Leather Ottoman, 30""W, Brown (Renewed)
Category: Furniture/Living Room Furniture/Ottomans
Product type: HOME_FURNITURE_AND_DECOR
Brand: Rivet
Color: Dark Brown
Dimensions (H x W x L): 17.72 x 21.65 x 29.53 inches
Features: This attractive brown leather ottoman will bring class to your living room or den—or any room you add it to. Foam padding offers comfort, but the solid hardwood frame ensures stability and support.; 30""W x 22""D x 18""H; Solid hardwood frame with tapered wood legs and top grain leather; Use as an extra seat or a place to rest your feet.; Contemporary style and easy-care fabric combine to make this a welcome addition to any room.; No assembly required; Avoid moisture. Wipe with a soft, dry cloth.; Free returns for 30 days. 1-year warranty.",data/raw/images/small/94/941703a0.jpg
q001,B086B5MRFB|amazon.in,2,exact match,"gray fabric sofa for a small living room, not leather",,"Title: Solimo - 3 Seater Sofa Cum Bed with Storage
Category: Furniture/Living Room Furniture/Sofas & Couches
Product type: SOFA
Brand: Amazon Brand - Solimo
Color: Grey
Material: Fabric
Style: Modern
Dimensions (H x W x L): 850 x 850 x 2020 millimeters
Features: Product Dimensions: Length (202 cm), Width (85 cm), Height (85 cm); Primary Material: Wood, Upholstery Material: Fabric; Color: Grey, Style: Modern; Seating Capacity: Three seat; Assembly Required: The product requires carpenter assembly and will be provided by the seller; Warranty: 3 year manufacturing defect; Solimo brings to you this elegant fabric sofa for your home comfort needs.",data/raw/images/small/a8/a80130a2.jpg
q002,B075Z8KXW7|amazon.com,1,no storage,modern wooden coffee table with storage,,"Title: Amazon Brand – Stone & Beam Coastal Breeze Rustic Farmhouse Coffee Table, 55.1""W, Natural and White
Category: Furniture/Living Room Furniture/Tables/Coffee Tables
Product type: TABLE
Brand: Stone & Beam
Color: White & Wood
Material: wood
Style: Coffee Table
Dimensions (H x W x L): 16.1 x 55.1 x 31.5 inches
Features: Bring a relaxing coastal feel into your home with the simple beauty of this coffee table. A top of recycled elm is paired with a poplar wood base and given a distressed white painted finish. This piece also blends with modern farmhouse décor.; 55.1”W x 31.5”D x 16.1”H; Reclaimed elm top on base of poplar wood; Rustic wood makes this table work with coastal or modern farmhouse style; A beautifully simple table great for magazines or snack trays; Assembly required. Wipe with soft dry cloth.; Free returns for 30 days. 3-year warranty.",data/raw/images/small/9b/9b36b329.jpg
q002,B07DBF3VJY|amazon.com,2,exact match,modern wooden coffee table with storage,,"Title: Amazon Brand – Ravenna Home Angela Modern Turned Leg Wood Shelf Storage Coffee Table, 44""W, White
Category: Furniture/Living Room Furniture/Tables/Coffee Tables
Product type: TABLE
Brand: Ravenna Home
Color: White
Material: wood
Style: Bold eclectic
Dimensions (H x W x L): 20 x 44 x 22 inches
Features: Solid pine and medium-density fibreboard; With a handy lower shelf, this coffee table can hold snack trays, remotes and magazines; Traditional style with turned legs; 15-30 minutes assembly required; Free returns for 30 days. 1-year warranty.; 44""L x 22""W x 20""H",data/raw/images/small/fb/fb436ad1.jpg
q002,B07GF51SLB|amazon.co.uk,2,exact match,modern wooden coffee table with storage,,"Title: Amazon Brand - Rivet Rectangular Coffee Table with 1-Shelf, 120 x 65 x 35cm, MDF with Walnut Veneer/Black Metal Frame
Category: Home & Garden/Home & Kitchen/Categories/Furniture/Living Room Furniture/Tables/Coffee Tables
Product type: TABLE
Brand: Rivet
Color: Walnut/Black Metal Frame
Material: MDF with walnut veneer, powder coated metal
Style: Mid-Century
Dimensions (H x W x L): 35 x 65 x 120 centimeters
Features: Dimensions: 120 x 65 x 35 cm; Unique walnut grain finish on table top; Clean, classic mid-century modern; 2 layers of shelves for spacious storage; Simple assembly required; 2-year Product Warranty",data/raw/images/small/7a/7a642379.jpg
q002,B07GFG6JMM|amazon.co.uk,2,exact match,modern wooden coffee table with storage,,"Title: Amazon Brand - Movian Adour Oval Coffee Table, 55 x 110 x 39cm, Light Brown Oak-Effect
Category: Home & Garden/Home & Kitchen/Categories/Storage & Organisation/Clothing & Wardrobe Storage/Shoe Racks
Product type: CLOTHES_RACK
Brand: Movian
Color: Oak
Material: Wood
Style: Oval Coffee Table
Dimensions (H x W x L): 39 x 110 x 55 centimeters
Features: Dimensions: 55 x 110 x 39cm; Stylish oval design; Classic Scandinavian wood legs; Blends easily into homes of any style or décor; Simple to assemble on your own; Requires Assembly; 2-year Product Warranty",data/raw/images/small/fe/fe801607.jpg
q002,B07J1YW3YT|amazon.com,2,exact match,modern wooden coffee table with storage,,"Title: AmazonBasics Lift-Top Storage Coffee Table, Natural
Category: Furniture/Living Room Furniture/Tables/Coffee Tables
Product type: TABLE
Brand: AmazonBasics
Color: Natural
Material: Wood
Style: Transitional
Dimensions (H x W x L): 18 x 19 x 40 inches
Features: Coffee table with top that lifts to create a sturdy, raised work surface; ideal for a living room, family room, or office; Hidden storage space beneath the lift-up top—plenty of room for a throw blanket, remote controls, board games, and more; Made of sturdy wood with a Natural finish; finished on all sides, which allows for versatile placement; Open shelves below offer added storage and display space; Measures 40 by 18 by 19 inches (LxWxH); weighs 39 pounds; backed by an AmazonBasics 1-year limited warranty",data/raw/images/small/9e/9e6c695c.jpg
q002,B07K7K4CM2|amazon.co.uk,1,"has glass on top, instead of wood",modern wooden coffee table with storage,,"Title: Amazon Brand - Alkove Hayes Solid Wood 1-Shelf Coffee Table with Glass Table Top, 100 x 65 x 44cm, Glass/Wild Oak
Category: Home & Garden/Home & Kitchen/Categories/Furniture/Living Room Furniture/Tables/Coffee Tables
Product type: TABLE
Brand: Alkove
Color: Wild Oak
Material: Oak
Style: Modern
Dimensions (H x W x L): 44 x 65 x 100 centimeters
Features: Dimensions: 100 x 65 x 44 cm; Made from solid wild oak with a durable, natural oiled finish; Sturdy yet stylish metal connections between the panel and legs; Wood and glass combine for a modern, stylish aesthetic; 25 minutes self-assembly; 2 people required, a flat-blade and a cross slot screwdrivers needed; Made in Europe and FSC-certified to guarantee environmental and social responsibility; Free returns for 30 days as per Amazon return policy. 2-year warranty",data/raw/images/small/a3/a388ecf6.jpg
q002,B07K7NNS6N|amazon.co.uk,1,"has glass on top, instead of wood",modern wooden coffee table with storage,,"Title: Amazon Brand - Alkove Hayes Solid Wood 1-Shelf Coffee Table with Glass Table Top, 100 x 60 x 48cm, Glass/Wild Oak
Category: Home & Garden/Home & Kitchen/Categories/Furniture/Living Room Furniture/Tables/Coffee Tables
Product type: TABLE
Brand: Alkove
Color: Wild Oak
Material: Oak
Style: Modern
Dimensions (H x W x L): 48 x 60 x 100 centimeters
Features: Dimensions: 100 x 60 x 48 cm; Made from solid wild oak with a durable, natural oiled finish; Features handy bottom shelf for storage; Wood and glass combine for a modern, stylish aesthetic; 30 minutes self-assembly; 2 people required, a cross slot screwdriver needed; Made in Europe and FSC-certified to guarantee environmental and social responsibility; Free returns for 30 days as per Amazon return policy. 2-year warranty",data/raw/images/small/6f/6fe3a734.jpg
q002,B07QC85YG7|amazon.com,0,"not wooden, and no storage",modern wooden coffee table with storage,,"Title: Amazon Brand – Stone & Beam Industrial Solid Mango Wood Coffee Table with Trestle-Style Base, 52""W, Honey Finish
Category: Furniture/Living Room Furniture/Tables/Coffee Tables
Product type: TABLE
Brand: Stone & Beam
Color: Natural
Material: Stone
Dimensions (H x W x L): 17.91 x 29.92 x 51.97 inches
Features: The trestle-style base of this coffee table, made of solid mango, offers a stylish look and durability while touting rasped boards for a beautiful texture on top. An industrial piece, this table looks great with farmhouse decor and offers a great place to put your feet up.; 51.97""W x 29.92""D x 17.91""H; This table, constructed of solid mango, comes with a rasped top that is sanded smooth.; The industrial flavor of this piece adds beauty to the versatile and classic farmhouse style.; Functionality is increased by the planked top and trestle-style base.; Assemble in 15 minutes or less; Wipe with a soft, damp cloth; dry thoroughly.; Free returns for 30 days. 3-year warranty.",data/raw/images/small/30/30ff08c0.jpg
q002,B07QC861L7|amazon.com,2,exact match,modern wooden coffee table with storage,,"Title: Amazon Brand – Rivet Campbell Mid-Century Coffee Table with Tapered Legs, 47""W, Pale Wood and White
Category: Furniture/Living Room Furniture/Tables/Coffee Tables
Product type: TABLE
Brand: Rivet
Color: Walnut/White
Material: Engineered Wood
Style: Coffee Table
Dimensions (H x W x L): 17 x 24 x 47 inches
Features: Tall tapered legs add visual interest to this casual, 2-toned coffee table with a vintage flair that fits well in small spaces. The pull drawer provides necessary storage for those on the go, while the engineered and solid wood construction offer a lasting durability.; 51.2""W x 24""D x 17""H; 80% MDF, 20% solid wood; Vintage tapered legs add interest to the clean lines of this coffee table.; A single drawer provides a needed storage solution.; Assemble in 15-30 minutes; Wipe clean with a soft, dry cloth.; Free returns for 30 days. 1-year warranty.",data/raw/images/small/41/4128dac1.jpg
q002,B07QJLWJJM|amazon.ca,2,exact match,modern wooden coffee table with storage,,"Title: Stone & Beam Kensington Coffee Table with Chevron Design, 56"" W, Acacia
Category: Furniture/Living Room Furniture/Tables/Coffee Tables
Product type: TABLE
Brand: Stone & Beam
Color: Walnut/Black
Style: Coffee Table
Dimensions (H x W x L): 17 x 28 x 56 inches
Features: Acacia creates a chevron-patterned parquet top and lower shelf for this transitional piece. Long metal legs join the top and shelf, which brings contemporary and classic styles together. Use the lower shelf for display or as storage. This piece looks great and functions well.; 56""W x 28""D x 17""H; Wood and metal; This rustic coffee table has a chevron-patterned parquet on the top and on the lower shelf and is paired with metal legs.; The lower shelf on this table provides additional storage space.; Assemble in 15 minutes or less; Avoid moisture. Wipe clean with a soft, dry cloth.; Free returns for 30 days. 3-year warranty.",data/raw/images/small/16/16300918.jpg
q002,B07SSCJKLN|amazon.in,2,exact match,modern wooden coffee table with storage,,"Title: Amazon Brand - Solimo Angel Engineered Wood Coffee Table (Espresso Finish)
Category: Furniture/Living Room Furniture/Tables/Coffee Tables
Product type: TABLE
Brand: Amazon Brand - Solimo
Color: Espresso
Material: Engineered Wood
Style: Contemporary
Dimensions (H x W x L): 385 x 750 x 750 millimeters
Features: Product Dimensions: Length (75 cm), Width (75 cm), Height (38.5 cm); Sturdy design made from European standard premium quality engineered wood that is tested for resistance against humidity, stains and hot water to ensure longevity; Espresso finish coffee table adds an elegant touch to living room décor; Spacious table top and shelf ideal for placing magazines, ornaments, etc; Aesthetic, easy-to-clean design with smooth edges diminish chances of scrapes and cuts; Made free from toxic substances to ensure safe usage; Warranty: 3-year warranty on manufacturing defects",data/raw/images/small/82/82c64660.jpg
q002,B085W6GGN5|amazon.in,1,no storage,modern wooden coffee table with storage,,"Title: Amazon Brand - Solimo Andro Solid Sheesham Wood Coffee Table with 4 Stools (Mahogany Finish)
Category: Furniture/Living Room Furniture/Tables/Coffee Tables
Product type: FURNITURE
Brand: Amazon Brand - Solimo
Color: Mahogany Finish
Material: Sheesham Wood
Style: Contemporary
Dimensions (H x W x L): 355 x 865 x 865 millimeters
Features: Table Dimensions: Length (38 Inches), Width, (38 inches), Height (14 inches); Stool Dimensions: Length (17 Inches), Width, (17 inches), Height (7 inches); Material: Sheesham Solid Wood with a premium mahogany finish; 20+ tests conducted for quality and safety check; The table underwent horizontal fatigue tests of 15,000 cycles for durability; The table has load bearing capacity of 100 kg to provide proper support; The stools have undergone a seat fatigue test of 95kg for 50,000 cycles to test against breakage; Free from burrs & sharp edges for enhanced safety; Made free from toxins or harmful chemicals to promise safe usage; Does not require assembly: The product comes pre-assembled",data/raw/images/small/00/0098afed.jpg
q003,B00GXD78YO|amazon.co.uk,0,"not black, and a dining chair","black office chair with armrests, not a dining chair",,"Title: Strathwood Basics Deep Seat Garden Chair - Grey
Category: Home & Garden/Garden & Outdoors/Categories/Garden Furniture & Accessories/Chairs/Garden Dining Chairs
Product type: ABIS_LAWN_AND_GARDEN
Brand: Strathwood
Dimensions (H x W x L): 34 x 24 x 23.625 inches
Features: Set of 2 deep seated chairs bringing comfort and charm to your outdoor space; Made from durable FSC (Forest Stewardship Council) certified eucalyptus wood, grey brushed finish; Vertical slatted backrest, curved seat and slightly curved armrests; Requires some assembly steps, matches with other furniture in the Basics collection in dense grey wood (sold separately); Dimensions: length 61 cm, width 66 cm, height 34 cm.",data/raw/images/small/72/72e213b8.jpg
q003,B01DN8TG46|amazon.co.uk,0,not a chair,"black office chair with armrests, not a dining chair",,"Title: AmazonBasics Foot Rest - Black
Category: Home & Garden/Home & Kitchen/Categories/Furniture/Home Office Furniture/Furniture Accessories/Footrests
Product type: OFFICE_PRODUCTS
Brand: AmazonBasics
Color: Black
Style: Single
Dimensions (H x W x L): 3.35 x 11.81 x 15.35 inches
Features: Footrest for placement under a desk offers enhanced comfort when working; Elevates feet and legs, promoting better alignment, posture, and ergonomics; Free-floating platform tilts back and forth for leg stretches and increased circulation; Textured surface creates a massaging effect on soles of bare or socked feet; Stays securely in place on carpet",data/raw/images/small/54/5483744c.jpg
q003,B075X4YDCR|amazon.com,0,"not black, and not office","black office chair with armrests, not a dining chair",,"Title: Amazon Brand – Stone & Beam St. Cloud Modern Armless Accent Chair, 32""W, Bear
Category: Furniture/Living Room Furniture/Chairs
Product type: CHAIR
Brand: Stone & Beam
Color: Bear
Material: stone
Style: Transitional
Dimensions (H x W x L): 38 x 32 x 33 inches
Features: A straight back and sloping, low-profile arms are the highlights of this mid-century inspired chair. Assembled in the U.S., it features a sturdy wood frame upholstered with durable, tightly woven fabric for a handsome design that's built to last.; This item is made to order just for you; 32""W x 33""D x 38""H. Seat height is 19"".; Sturdy wood frame, durable polyester fabric, wood legs with walnut finish; A Mid-century inspired design that will add elegance to a modern or transitional room; Assemble in 15 minutes or less. Vacuum or wipe with a soft, dry cloth.; Free returns for 30 days. 3-year warranty.",data/raw/images/small/4d/4db3e4e0.jpg
q003,B075Z6S94K|amazon.com,1,not black,"black office chair with armrests, not a dining chair",,"Title: Amazon Brand – Rivet Mid-Century Swope Curved Arm Swivel Office Chair, 26""W, Aqua
Category: Furniture/Home Office Furniture/Home Office Chairs/Home Office Desk Chairs
Product type: CHAIR
Brand: Rivet
Color: Teal
Material: polyester/ Metal
Dimensions (H x W x L): 33.9 x 26 x 24.8 inches
Features: 26""W x 24.8""D x 33.9""H; Fabric is durable 100% polyester. Metal swivel base and legs.; A swivel chair ideal for a desk but attractive enough for any room; No assembly required. Vacuum or wipe with a soft dry cloth.; Free returns for 30 days. 1-year warranty.; While designed for the office, this swivel chair adds refreshing style to any room. The Mid-century inspired silhouette features graceful curves and low-profile arms Four metal legs extend outward from the swivel base.",data/raw/images/small/3b/3bf80762.jpg
q003,B0792JGRNS|amazon.ca,1,not office,"black office chair with armrests, not a dining chair",,"Title: Rivet Parks Mid-Century Modern Wingback Leather Chair
Category: Furniture/Living Room Furniture/Chairs
Product type: HOME_FURNITURE_AND_DECOR
Brand: Rivet",data/raw/images/small/87/87b5de32.jpg
q003,B07B83KVGK|amazon.com,0,"not black, and dining chair","black office chair with armrests, not a dining chair",,"Title: Amazon Brand – Rivet Mid-Century Modern Wood Dining Chair, 30""H, Natural
Category: Furniture/Kitchen & Dining Room Furniture/Chairs
Product type: CHAIR
Brand: Rivet
Color: Natural
Material: Wood
Style: 0
Dimensions (H x W x L): 29.9 x 20.1 x 22.4 inches
Features: This mid-century modern chair will bring a smart style twist to your dining space. A curved back adds comfort. Its versatile, compact size can also work as extra seating in your living space or as a desk chair.; 20.1""W x 22.4""D x 29.9""H; Hardwood with walnut veneer; Mid-century style with traditional finish helps this chair work with a range of décor; A curved back provides extra comfort; No assembly required; Free returns for 30 days. 1-year warranty.",data/raw/images/small/31/31a4f9de.jpg
q003,B07F95756L|amazon.com.au,0,not a chair,"black office chair with armrests, not a dining chair",,"Title: AmazonBasics Foot Rest - Black (Renewed)
Category: Furniture/Home Office Furniture/Furniture Accessories/Footrests
Product type: OFFICE_PRODUCTS
Brand: AmazonBasics
Color: Black
Dimensions (H x W x L): 3.35 x 11.81 x 15.35 inches
Features: This Certified Refurbished product is tested and certified to look and work like new. The refurbishing process includes functionality testing, basic cleaning, inspection, and repackaging. The product ships with all relevant accessories, a minimum 90-day warranty, and may arrive in a generic box. Only select sellers who maintain a high performance bar may offer Certified Refurbished products on Amazon.com; Footrest for placement under a desk offers enhanced comfort when working; Elevates feet and legs when sitting; Free-floating platform tilts back and forth for leg stretches and increased circulation; Textured surface creates a massaging effect on soles of bare or socked feet",data/raw/images/small/03/03847968.jpg
q003,B07HMPPZRN|amazon.com,2,exact match,"black office chair with armrests, not a dining chair",,"Title: AmazonBasics Foldable Rocking Chair, Black
Category: Patio Furniture & Accessories/Patio Seating/Chairs/Rocking Chairs
Product type: CHAIR
Brand: AmazonBasics
Color: Black
Material: Steel
Style: Foldable Rocking Chair
Dimensions (H x W x L): 24.9 x 38.58 x 37.4 inches
Features: Folding rocking chair for porch, patio, or travel; Easily collapses down for storage or moving; Ergonomic nylon mesh seat with elastic cording supports your spine; Durable powder-coated steel frame with arm rests; Take on the road for travel, or use on your home porch or patio; Includes padded head rest for comfort",data/raw/images/small/bb/bb309800.jpg
q003,B07HSKB7B4|amazon.com,0,"not black, not office","black office chair with armrests, not a dining chair",,"Title: Amazon Brand – Stone & Beam Wickstrom Upholstered Dining Chair with Arms, 26""W, Slate Grey
Category: Furniture/Game & Recreation Room Furniture/Home Bar Furniture/Barstools
Product type: STOOL_SEATING
Brand: Stone & Beam
Color: Slate Gray
Dimensions (H x W x L): 39 x 22 x 25 inches
Features: A modern twist on the classic wingback dining chair, this beautiful piece is upholstered in versatile neutral fabric to highlight its plush, luxurious curves and cushions.; Overall: 27""D x 26""W x 37""H. Seat height: 20""; Solid wood frame and legs; Oversized seat cushion provides supreme comfort for all seating needs; Avoid moisture. Wipes clean with soft, dry cloth.; Free returns for 30 days. 3-year warranty",data/raw/images/small/31/31be481c.jpg
q003,B07MBFDQLY|amazon.com,0,"not black, not office, no armrest","black office chair with armrests, not a dining chair",,"Title: Amazon Brand – Ravenna Home Modern Dining Chair, 36 Inch Height, White, Set of 2
Category: Furniture/Game & Recreation Room Furniture/Home Bar Furniture/Barstools
Product type: STOOL_SEATING
Brand: Ravenna Home
Style: Dining Chair
Dimensions (H x W x L): 36 x 23.75 x 18 inches
Features: Overall: 24.5""W x 18""D x 36""H; seat height: 18""; seat depth: 17.5""D; seat back height: 19""H; Dining chair of durable fabric on wood frame; Contemporary design with wooden frame and upholstered white fabric; solid-wood legs with black finish; Foam padding and elastic suspension system keep the back and seat firm and springy.; Assemble in 15 minutes or less; Avoid moisture. Wipe clean with soft, dry cloth.; Free returns for 30 days. 1-year warranty.",data/raw/images/small/6c/6c7942ef.jpg
q003,B07QLGRVPN|amazon.in,2,exact match,"black office chair with armrests, not a dining chair",,"Title: AmazonBasics Mid-Back Black Mesh Chair (Renewed)
Category: Furniture/Study & Home Office Furniture/Chairs & Sofas/Desk Chairs
Product type: CHAIR
Brand: AmazonBasics
Color: Black
Material: Plastic
Style: Mid-Back Mesh Chair
Dimensions (H x W x L): 40.35 x 24.02 x 25.2 inches
Features: Comfortable office chair with contoured mesh back for breathability; Pneumatic seat-height adjustment; padded seat for comfort; 225-pound maximum weight capacity; Dual-wheel casters; user manual with assembly instructions included; Measures 25.2 inches deep by 24 inches wide by 35.6 to 40.3 inches high; 1-year limited warranty",data/raw/images/small/24/244c03a7.jpg
q003,B07QYB14F4|amazon.ca,1,not black,"black office chair with armrests, not a dining chair",,"Title: AmazonBasics Low-Back Computer Task/Desk Chair with Swivel Casters - Red (Renewed)
Category: Furniture/Home Office Furniture/Chairs & Stools/Desk Chairs
Product type: CHAIR
Brand: AmazonBasics
Color: Red
Material: mesh
Dimensions (H x W x L): 38.19 x 17.72 x 18.7 inches
Features: Comfortable task and computer chair with red contoured mesh back for support and breathability; Pneumatic seat-height adjustment; 2-inch-thick padded seat for added comfort; 225-pound maximum weight capacity; Smooth-rolling casters; user manual with assembly instructions included; Measures 22.5 inches deep by 21.5 inches wide by 30.5 to 34.5 inches high; 1-year limited warranty",data/raw/images/small/af/afeb9bb5.jpg
q003,B07R41343J|amazon.co.uk,1,not office,"black office chair with armrests, not a dining chair",,"Title: UMI by Amazon 2 PCS Stretch Dining Chair Covers Melange Velvet Removable Chair Protector Elastic Slipcovers Black
Category: Home & Garden/Home & Kitchen/Categories/Home Accessories/Slipcovers/Dining Chair Slipcovers
Product type: FURNITURE_COVER
Brand: UMI
Color: Black
Material: Velvet
Dimensions (H x W x L): 23.62 x 18.11 x 18.11 inches
Description: The Umi high elastic couch covers for chair is flexible, soft, and slip resistant for long-term comfort. Craft from 97% Polyster, 3% Spandex. With the unique shiny suede umi velvet chair will make your normal and old chairs brand new. Ideal for chairs that measure between 16""to 23"" back high and 15"" to 18"" back width. Seat length and width from 16"" to 22"" and seat high of 1"" to 4"" Our dining room chair Slipcovers could help protect your furniture from daily tear, spills, stains and so on. We are confident in the quality of our products. Hope you will like them!
Features: Product Detail: Package include 2 pieces of chair.The Umi high elastic couch covers for chair is flexible, soft, and slip resistant for long-term comfort. Craft from 97% Polyster, 3% Spandex.; With the unique shiny suede umi velvet chair will make your normal and old chairs brand new. Ideal for chairs that measure between 16""to 23"" back high and 15"" to 18"" back width. Seat length and width from 16"" to 22"" and seat high of 1"" to 4""; Our dining room chair Slipcovers could help protect your furniture from daily tear, spills, stains and so on. We are confident in the quality of our products.; Chairs with Umi chair covers will be a good addition fot kitchen, bedroom, living room decoration, office or hotel, wedding, party, celebrations, ceremonies, etc.; Care Instructions: Machine Washable with cold water. Tumble Dry Low. Do Not Bleach Nor Ironing. Do not hesitate to contact us if there’s any issue with your order or product",data/raw/images/small/bc/bc08f907.jpg
q003,B07SSHYD2Z|amazon.co.uk,2,exact match,"black office chair with armrests, not a dining chair",,"Title: AmazonBasics Swivel Office Chair with Medium Back and Armrest, Mesh Back, Black
Category: Home & Garden/Home & Kitchen/Categories/Furniture/Home Office Furniture/Chairs & Stools/Desk Chairs
Product type: HOME_FURNITURE_AND_DECOR
Brand: AmazonBasics
Dimensions (H x W x L): 88.011 x 66.4972 x 69.0118 centimeters
Features: Comfortable office chair with contoured mesh back for easy breathability; Pneumatic seat height adjustment; padded seat for comfort; Maximum weight capacity: 125 kg.; Double wheels and user manual with assembly instructions included; Equipped with pressure wheels for safety reasons in accordance with EU regulations, which do not allow the chair to move when nobody is wearing it.; Dimensions: 64 cm deep, 60.9 cm wide and 90.4 cm to 102.3 cm high.",data/raw/images/small/42/42f0d7b1.jpg
q003,B081HWKWN6|amazon.co.uk,2,exact match,"black office chair with armrests, not a dining chair",,"Title: UMI. by Amazon - Ergonomic office chair, Swivelling Mesh Computer Chair with Adjustable Lumbar Support and PU Armrests, Breathable Mesh Back and Padded Seat, 150 kg Max Load
Category: Home & Garden/Home & Kitchen/Categories/Furniture/Home Office Furniture/Chairs & Stools/Desk Chairs
Product type: ACCESSORY_OR_PART_OR_SUPPLY
Brand: UMI
Color: Black
Material: Alloy Steel
Dimensions (H x W x L): 130.5 x 63 x 69 centimeters
Features: 【CLASSIC BACKREST】The classic outer frame is made of eco-friendly PA materials, which is sturdy and durable to ensure your safety. The design of a slight S-shaped backrest combines the rear adjustable lumbar pillow, which fits to protect your cervical spine and lumbar spine, reduces back pain. When you feel tired from work or study, you can easily lock the three angles of 102-110-130 by adjusting the backrest level to release physical and mental pressure.; 【BREATHABLE & COMFORTABLE】The backrest and headrest are made of high-quality breathable polyester mesh to keep you cool and comfortable. High-density foam-filled seat cushion resists deformation to provide support that lasts all day long.; 【FREE ADJUSTMENT】Adjustable headrest and armrests show the flexibility of the ergonomic office chairs, you can adjust the height of the headrest and armrests according to your needs, finding the best position to perfectly support your neck, cervical spine, shoulders and arms to get the maximum relaxation. By adjusting the seat height to meet your work and daily needs.; 【SAFE & RELIABLE】The four-stage steel gas spring and heavy-duty nylon legs with max. load of 150 kg, certified by BIFMA and SGS. The thickened explosion-proof steel chassis is hard-wearing, all the details make this desk office chair use longer. The quiet chair wheel wrapped by PU can smoothly rotate 360° and is suitable for almost all floors.; 【PREMIUM SERVICE】This executive office chair has a 3-year warranty. If you have any quality problems, please contact us immediately, we wil",data/raw/images/small/ea/eac17d40.jpg
q003,B081HX9SRM|amazon.co.uk,2,exact match,"black office chair with armrests, not a dining chair",,"Title: UMI. by Amazon - Ergonomic office chair, Breathable High-Back Mesh Desk Chair with Adjustable Lumbar Support, 3D Armrests, Tilt Function and 360° Rotating Wheels
Category: Home & Garden/Home & Kitchen/Categories/Furniture/Home Office Furniture/Chairs & Stools/Desk Chairs
Product type: ACCESSORY_OR_PART_OR_SUPPLY
Brand: UMI
Color: Black
Material: Alloy Steel
Dimensions (H x W x L): 120 x 61 x 70 centimeters
Features: 【ERGONOMIC DESIGN】The S-type backrest designed by imitating the human spine curve, which effectively supports the back and relieves pressure. The headrest with a 43cm wide cambered surface can fully support the cervical spine, correct for health, release brain fatigue, and inspire new inspiration, allowing you to fully enjoy sitting while working or resting.; 【BREATHABLE MESH FABRIC】This mesh office chair is made of high-quality special mesh fabric, featuring breathable, comfortable and durable, which can circulate the back air and keep cool, so you won't afraid at all of the summer sultry. The concave waterfall cushion can effectively reduce the pressure on the hips and legs. This desk chair is worth purchasing one for yourself, if you need to sit on the office chair for a long time.; 【MULTIFUNCTIONAL ADJUSTMENT】This ergonomic office chair equipped with 3D armrests, which can be adjusted front, back, left and right. The PU material of armrests with a delicate touch relax arms and shoulders, which can effectively prevent carpal tunnel problems; adjustable height waist pillow provides more powerful support for the lumbar; the multifunctional mechanism with adjustable tres levels include locking back adjustment, lifting and tilt tension to meet different needs.; 【SOLID FOUNDATION】Mechanical steel multi-function mechanism made with high technology standards; BIFMA certified four-stage gas spring; 350 aluminum alloy chair legs tested to 1136 kg static pressure; ssmooth, quiet, and scratch-free nylon wheels suitable for hard floors, carpets; all parts",data/raw/images/small/85/8552ae1a.jpg
q003,B082JJJKT3|amazon.com,0,not a chair,"black office chair with armrests, not a dining chair",,"Title: Amazon Brand – Stone & Beam Modern Home Office Writing Desk with Recessed Metal Handles, 48""W, Black
Category: Furniture/Home Office Furniture/Home Office Desks
Product type: DESK
Brand: Stone & Beam
Color: Black
Material: Engineered Wood
Dimensions (H x W x L): 30.5 x 20 x 48 inches
Features: This simple modern writing desk has recessed metal hardware and clean styling. The tapered legs add a touch of elegance that subtly balances its practicality. This black desk is perfect as a multifunctional home-work space.; 48""W x 20""D x 30.5""H; Solid pine and MDF with metal hardware; The large writing space is excellent for multiple projects.; The black color gives this writing desk a clean modern look.; Assemble in 15-30 minutes; Avoid moisture. Wipe clean with a soft, dry cloth.; Free returns for 30 days. 3-year warranty.",data/raw/images/small/a8/a83ebc4e.jpg
q003,B083739MDS|amazon.com,1,no armrests,"black office chair with armrests, not a dining chair",,"Title: AmazonBasics Pneumatic Shop Stool, Garage Seat with 300 lb Capacity - Black (Renewed)
Category: Office Furniture & Lighting/Chairs & Sofas/Step Stools
Product type: AUTO_ACCESSORY
Brand: AmazonBasics
Color: black
Material: vinyl
Dimensions (H x W x L): 14.37 x 14.96 x 14.96 inches
Features: Shop stool/garage seat (black) provides a comfortable place to sit when working on a vehicle or other project; Smooth, durable vinyl seat for added comfort; 300-pound weight capacity; Smooth-rolling 360-degree swivel caster wheels for easily moving around a work space; Integrated tool tray for keeping tools and parts neatly contained and easy to access; Measures 15 by 15 by 14.4 inches; backed by an AmazonBasics 1-year limited warranty",data/raw/images/small/85/85a34a7e.jpg
q003,B084S1DM72|amazon.com,0,"not black, not office","black office chair with armrests, not a dining chair",,"Title: Amazon Brand – Stone & Beam Bergen Upholstered Dining Chair with Wood Legs, Set of 2, 20""W, Gray
Category: Furniture/Kitchen & Dining Room Furniture/Chairs
Product type: CHAIR
Brand: Stone & Beam
Color: Grey
Style: Morden
Dimensions (H x W x L): 32.75 x 22.5 x 20 inches
Features: Luxury and practicality are married in these beautifully padded dining room chairs. The solid hardwood frame is upholstered in a soothing gray performance fabric for easy maintenance and long hours of comfortable sitting.; 20""W x 22.5""D x 32.75""H; seat height: 20""H; seat depth: 19""D; seat back height: 12.75""H; leg height: 14""H; The solid hardwood frame has a natural finish to complement the performance fabric upholstery on the seat and back.; These classic, comfortable chairs can be used as part of a dining room suite, as occasional chairs, or as accent chairs in a bedroom or office.; As part of the simple and modern design, backrests are curved ergonomically to ensure comfort while sitting.; Assemble in 15 minutes or less; Avoid moisture. Wipe clean with a soft, dry cloth.; Free returns for 30 days. 3-year warranty.",data/raw/images/small/5c/5c5d6e0c.jpg
q003,B084W339RK|amazon.com,0,"not black, not office","black office chair with armrests, not a dining chair",,"Title: Amazon Brand – Stone & Beam Vivianne Modern Upholstered Dining Chair with Casters, 24.4""W, Slate
Category: Furniture/Kitchen & Dining Room Furniture/Chairs
Product type: CHAIR
Brand: Stone & Beam
Color: Slate
Style: With Arms
Dimensions (H x W x L): 36.5 x 27.5 x 24.25 inches
Features: This beautiful modern chair will add a touch of class to your dining room. Comfortable and softly elegant, this slate-colored upholstered chair combines form and function. Reimagine your space with a contemporary flair, and enjoy a quiet dinner for two or fabulous seating for twelve!; 24.4""W x 27.6""D x 36.2""H; seat height: 20.9""H; seat depth: 17.3""D; seat back height: 33.1""H; arm height: 25.6""H; leg height: 2""H; Solid hardwood frame with moisture-repellent, stain-resistant fabric; These chairs have wheels, which makes them easy to move and comfortable to adjust.; Feather-filled cushions provide great comfort.; No assembly required; Avoid moisture. Wipe clean with a soft, dry cloth.; Free returns for 30 days. 3-year warranty.",data/raw/images/small/25/25e0ab24.jpg
q004,B001BQ8III|amazon.com,0,"no bookshelf, not white",white bookshelf for a bedroom,,"Title: Pinzon Geary Glass-Top Desk, Cosmo
Category: Furniture/Home Office Furniture/Home Office Desks
Product type: DESK
Brand: Pinzon
Color: White
Material: Glass
Features: Beautifully crafted glass and wood desk offers loads of customizable work space; Crafted from MDF with ash veneer; -inch silk-screened, white, tempered glass top; Pull-out keyboard tray; sliding glass on top reveals inside storage; 2 legal size drawers; Reversible bookshelf base with adjustable shelf; cord management system; Measures 50 inches wide by 23-3/4 inches deep by 30-1/4 inches high; easy assembly",data/raw/images/small/6a/6a9e2c96.jpg
q004,B075ZBW1RR|amazon.com,1,not white,white bookshelf for a bedroom,,"Title: Amazon Brand – Stone & Beam Larson Industrial Wood and Metal 2-Shelf Bookcase, 39""H, Walnut
Category: Furniture/Home Office Furniture/Bookcases
Product type: SHELF
Brand: Stone & Beam
Color: Walnut + Metal
Material: walnut
Style: 40"" Bookcase
Dimensions (H x W x L): 39.25 x 34 x 14 inches
Features: 34""L x 14""W x 39.25""H; Solid pine wood shelves and top; metal legs; Industrial and rustic touches allow this bookshelf to blend with many styles.; Two fixed distressed wood shelves with a walnut finish; Easy assembly in 15-30 minutes. Wipe with soft dry cloth.; Free returns for 30 days. 3-year warranty.; This bookcase has a natural distressed finish, while the metal legs and trim have a darker brown matte finish. With two fixed shelves to provide a display area to for books and photos, this bookshelf will make a simple statement in any room.",data/raw/images/small/d5/d581c685.jpg
q004,B075ZF4S39|amazon.com,2,exact match,white bookshelf for a bedroom,,"Title: Amazon Brand – Stone & Beam Barrett Reclaimed Wood 4-Shelf Bookcase, 40""W, White and Sandstone Pine
Category: Furniture/Home Office Furniture/Bookcases
Product type: SHELF
Brand: Stone & Beam
Color: White/Brown
Material: wood
Style: Estante
Dimensions (H x W x L): 74 x 15 x 40 inches
Features: 40""W x 15""D x 74”H; Solid, recycled pine wood with natural imperfections for rustic touch; Five wide shelves provide generous display and storage space.; Display your prized family photos or works by your favorite authors on this rustic bookshelf. Influenced by early Americana style, it's made of recycled and reclaimed wood in a white and weathered sandstone finish that adds old world charm.; No assembly required. Dust with a soft, dry cloth.; Free returns for 30 days. 3-year warranty.",data/raw/images/small/46/466292e2.jpg
q004,B078S81KPH|amazon.com,2,exact match,white bookshelf for a bedroom,,"Title: Amazon Brand – Stone & Beam Barrett Reclaimed Wood 4-Shelf Bookcase
Category: Furniture/Home Office Furniture/Bookcases
Product type: SHELF
Brand: Stone & Beam",data/raw/images/small/46/466292e2.jpg
q004,B07D5M2YZC|amazon.com,1,not white,white bookshelf for a bedroom,,"Title: AmazonBasics Storage Cabinet, 2 Shelves
Category: Office & School Supplies/Education & Crafts/Classroom Furniture/Book Display & Storage
Product type: TEACHING_EQUIPMENT
Brand: AmazonBasics
Material: Wood
Style: Without Back
Dimensions (H x W x L): 24 x 13 x 48 inches
Features: Cabinet helps keep items neatly stored; ideal for a daycare, preschool, or classroom; 2 open shelves (3 flat surfaces total) accommodate books, toys, games, and more; Durable solid-pine construction for reliable strength and stability; attractive natural-pine finish looks nice in any setting; Assembly required; can be securely connected to a wall for added safety; all necessary hardware included; wipes clean with a damp cloth; Measures 48 by 13 by 24 inches (LxWxH); backed by an AmazonBasics 1-year limited warranty",data/raw/images/small/ec/ec087494.jpg
q004,B07HJQ5K5D|amazon.ca,1,not white,white bookshelf for a bedroom,,"Title: AmazonBasics Kids Bookcase with Reading Nook and Storage Shelves, Espresso
Category: Furniture/Kids' Furniture
Product type: TEACHING_EQUIPMENT
Brand: AmazonBasics
Color: Espresso
Dimensions (H x W x L): 24 x 11.8 x 40.1 inches
Features: Children’s bookcase with built-in reading nook; Padded seating area features dual angled back rests and seat cushion; Includes six open-faced storage compartments for storing books, magazines, toys, and more; Perfect for a child’s playroom or bedroom; gives them a spot of their own to relax and read; Durable wood construction that lasts; Space-saving design fits neatly against any wall and combines seating and storage",data/raw/images/small/38/3845ddc5.jpg
q004,B07MKHHP34|amazon.in,1,not white,white bookshelf for a bedroom,,"Title: Amazon Brand - Solimo 4-Tier Book Shelf (Walnut)
Category: Furniture/Living Room Furniture/Bookcases
Product type: SHELF
Brand: Amazon Brand - Solimo
Color: Walnut
Material: Wood
Style: Country Rustic
Dimensions (H x W x L): 1270 x 355 x 635 millimeters
Features: Product Dimensions: Length (63.5 cm), Width (35.5 cm), Height (127 cm); Primary Material: Rubber wood; Color: Walnut, Style: Country Rustic; No Assembly Required: The product is delivered in a pre-assembled state; Warranty: 1 year on product; Made from rubber wood - explore a range of foldable tables, shoes racks, shelves",data/raw/images/small/c3/c3a294dd.jpg
q004,B07P65599S|amazon.com,2,exact match,white bookshelf for a bedroom,,"Title: AmazonBasics Functional Bookcase Storage Headboard - Queen, White
Category: Furniture/Bedroom Furniture/Beds, Frames & Bases/Headboards & Footboards/Headboards
Product type: HEADBOARD
Brand: AmazonBasics
Color: White
Material: Wood
Style: Traditional
Dimensions (H x W x L): 43 x 11 x 65.8 inches
Features: Multi-compartment storage headboard for placing books, lights, alarm clocks, and more; Made of sturdy, long-lasting composite wood with a strong MDF backing and laminated finish; Space-saving design provides extra storage in bedrooms where a traditional bookcase won’t fit; Convenient for placing your glasses, devices, and other essentials overnight; Sits flush against the wall and works with your existing bed frame; Assembly required; includes instructions and necessary hardware",data/raw/images/small/9b/9b03a751.jpg
q004,B07PPNNCM2|amazon.com,2,exact match,white bookshelf for a bedroom,,"Title: AmazonBasics Modern 5-Tier Ladder Bookshelf Organizer with Solid Rubber Wood Frame, White
Category: Furniture/Home Office Furniture/Bookcases
Product type: SHELF
Brand: AmazonBasics
Color: White
Material: Wood
Style: Modern
Dimensions (H x W x L): 70.07 x 24.84 x 14.02 inches
Features: 5-tier ladder-style bookcase for placing keepsakes, decor, books, awards, and more; Descending design with shelf widths widening at the bottom; Straight back allows you to place bookcase neatly against a wall; angled front saves space; Solid rubber wood frame; each shelf holds 25 pounds; Minimal, modern design complements a variety of interior aesthetics; Easy to assemble with provided instructions and hardware; Bookshelf Dimensions: 24.8 x 14 x 70.1 inches (WxDxH)",data/raw/images/small/9c/9c1e8c8a.jpg
q004,B07PYL46GJ|amazon.com,0,not a bookshelf,white bookshelf for a bedroom,,"Title: AmazonBasics Classic L-Shaped Desk with Open Bookshelves - White/Natural
Category: Furniture/Home Office Furniture/Home Office Desks
Product type: DESK
Brand: AmazonBasics
Color: White/Natural
Material: Engineered Wood
Dimensions (H x W x L): 28.25 x 51.31 x 53.62 inches
Features: L-shaped desk for use at home or office; Space-saving design fits easily into a corner to free up square footage in small offices; Ample surface space to fit your computer, devices, supplies, and more; Built with sturdy MDF particle board for durability; Open shelves on one side provide extra storage space; Built-in cable port keeps cords hidden and out of the way",data/raw/images/small/b7/b7092a3a.jpg
q004,B07Q1S1ZV2|amazon.co.uk,0,not a bookshelf,white bookshelf for a bedroom,,"Title: Ameriwood Home Classic 6 Drawer Dresser, White
Category: Home & Garden/Home & Kitchen/Categories/Furniture/Bedroom Furniture/Chest of Drawers
Product type: DRESSER
Brand: Ameriwood Home
Color: White
Material: Engineered Wood
Style: 6 Drawer Dresser
Dimensions (H x W x L): 753 x 1360 x 398 millimeters
Features: Give your bedroom or guest room additional storage with the Ameriwood Home Classic 6 Drawer Dresser; Made from laminated particleboard, the white finish gives the Dresser a classic look that fits with your existing déco; Keep your folded t-shirts, pants, and extra linens in the 6 spacious drawers and display photos and decorations on the large top surface; Wall anchor kit is included to safely secure the Dresser to the wall; The 6 Drawer Dresser ships flat to your door and requires 2 adults to assemble. The top surface can hold 75 lbs. and each drawer will hold 25 lbs. Assembled dimensions: 26.68""H x 53.54""W x 15.67""D",data/raw/images/small/1b/1be23d64.jpg
q004,B07QC85X9C|amazon.com,1,"not a bookshelf, but some room for books",white bookshelf for a bedroom,,"Title: Amazon Brand – Ravenna Home Springdale Modern Bookcase with Decorative Open Sides, 30""W, White
Category: Furniture/Home Office Furniture/Home Office Desks
Product type: DESK
Brand: Ravenna Home
Color: White
Material: Engineered Wood
Style: Bookcase
Dimensions (H x W x L): 72 x 13.46 x 30 inches
Features: 30''W x 13.46''D x 72''H; Solid pine and MDF; This ample bookcase provides room for your favorite books as well as souvenirs and art objects.; This modern white bookcase combines function with stylish decorative elements. It fits perfectly with any interior design motif.; Assemble in 15-30 minutes; Wipe clean with a soft, dry cloth.; Free returns for 30 days. 1-year warranty.",data/raw/images/small/45/45ae89d5.jpg
q004,B07QF9X1LH|amazon.com,2,exact match,white bookshelf for a bedroom,,"Title: Amazon Brand – Ravenna Home Sullivan Modern Bookcase, 41.4""W, White
Category: Furniture/Home Office Furniture/Home Office Desks
Product type: DESK
Brand: Ravenna Home
Color: White
Material: Engineered Wood
Style: Bookcase
Dimensions (H x W x L): 41.5 x 17 x 74 inches
Features: 41.4'' W x 17''D x 74''H; Solid pine and MDF; This sturdy bookcase provides ample space for your favorite books and art objects.; This modern white bookcase has clean lines and a distinctive look. It fits perfectly with any interior design style.; Assemble in 15-30 minutes; Wipe clean with a soft, dry cloth.; Free returns for 30 days. 1-year warranty.",data/raw/images/small/d8/d83c7c15.jpg
q004,B07RLM2JNX|amazon.in,1,not white,white bookshelf for a bedroom,,"Title: Amazon Brand - Solimo Aquilla Engineered Wood Mini 3 Tier Bookcase (Wenge Finish)
Category: Furniture/Living Room Furniture/Bookcases
Product type: SHELF
Brand: Amazon Brand - Solimo
Color: Brown
Material: Engineered Wood
Style: Contemporary
Dimensions (H x W x L): 1060 x 280 x 800 millimeters
Features: Premium-quality engineered wood bookcase which has undergone more than 20 safety and quality tests; Material: European Standard Particle Board; Elegant finish that gives it a charming look and makes it easy to clean; Large and sturdy shelf with ample loading capacity; Tested for resistance against humidity, stains and hot water; Free from harmful carcinogens like lead, formaldehyde and pentachlorophenol (PCP); Comes with a 3-year warranty on manufacturing defects; Smooth edges for protection against accidental grazes and cuts",data/raw/images/small/d6/d631d863.jpg
q004,B07TX2D4XN|amazon.co.uk,1,not white,white bookshelf for a bedroom,,"Title: Amazon Brand - Movian MDF Shelf 2 lockers Cube Bookcase, Light Oak, 41.5 x 29 x 59.5 cm
Category: Home & Garden/Home & Kitchen/Categories/Furniture/Living Room Furniture/Bookcases
Product type: SHELF
Brand: Movian
Color: Light Brown
Material: Wood
Style: 2 compartments
Dimensions (H x W x L): 59.2 x 41.4 x 29 centimeters
Features: Storage furniture with clean and modern design for dining room, living room, kitchen and bedroom; Removable and modular shelves to adapt the height of the lockers according to the objects you put there (decoration, books.); High quality conception in MDF wood fibre board, easy daily maintenance; To be arranged vertically or horizontally, or to hang on the wall (sold with a hanging system); Country of Origin: China",data/raw/images/small/7e/7ee70e92.jpg
q004,B07V152DQ8|amazon.co.uk,0,"not a bookshelf, not white",white bookshelf for a bedroom,,"Title: Amazon Brand - Movian 1 locker MDF Shelf Cube Bookcase, Brown, 41.5 x 29 x 30.5 cm
Category: Home & Garden/Home & Kitchen/Categories/Furniture/Children's Furniture/Cabinets
Product type: CABINET
Brand: Movian
Color: Brown
Material: Wood
Style: 1 compartment
Dimensions (H x W x L): 30.5 x 41.4 x 29 centimeters
Features: Storage furniture with clean and modern design for dining room, living room, kitchen and bedroom; Removable and modular shelves to adapt the height of the lockers according to the objects you put there (decoration, books.); High quality conception in MDF wood fibre board, easy daily maintenance; To be arranged vertically or horizontally, or to hang on the wall (sold with a hanging system); Country of Origin: China",data/raw/images/small/51/518468e2.jpg
q004,B0851ZXS46|amazon.co.uk,2,exact match,white bookshelf for a bedroom,,"Title: Movian Shelf 4037
Category: Home & Garden/Home & Kitchen/Categories/Furniture/Home Office Furniture/Cabinets, Racks & Shelves/File Cabinets/Vertical File Cabinets
Product type: HOME_FURNITURE_AND_DECOR
Brand: Movian
Color: White
Material: Wood
Dimensions (H x W x L): 196 x 35 x 120 centimeters
Features: Mounted dimensions: 120 x 196 x 35 cm (WxHxD); High-quality ABS-edges, handleless design, sliding doors with reversible fronts; Sliding door shelf with ten shelves and five sliding doors so that five shelves are open and five shelves are closed; ten compartments divided through five middle sides; four fixed shelves (each loadable up to 15 kg); Quality made in Germany; Body and fronts coated chipboard, body in white, sliding doors with reversible fronts (one side in white and one side in Sonoma-oak repro)",data/raw/images/small/7c/7c457955.jpg
q004,B088HFYZS4|amazon.com,2,exact match,white bookshelf for a bedroom,,"Title: AmazonBasics Floating Shelves - 16, 20, 24-Inch, White, Set of 3
Category: Home Décor/Home Décor Accents/Floating Shelves
Product type: SHELF
Brand: AmazonBasics
Color: White
Dimensions (H x W x L): 1.5 x 5.51 x 24 inches
Features: Set of 3 floating wall shelves; 16, 20, and 24 inch widths; Provides additional display or storage space for photos, keepsakes, electronics, and more; Durable, sturdy wood construction with a classic design; Resilient finish is easy to clean; wipe down with a damp or dry cloth; Easy to install with invisible mounting brackets and instructions",data/raw/images/small/bb/bb138d94.jpg
q005,B0742DNY41|amazon.sg,2,exact match,"floor lamp for living room, not a table lamp",,"Title: Rivet Marble and Brass Floor Lamp, Avery, 63""H, With Bulb
Category: Lighting Fixtures/Indoor Lighting/Lamps/Floor Lamps & Torchieres
Product type: LAMP
Brand: Rivet
Color: Antique Brass
Material: Metal+Marble
Style: Floor Lamp
Dimensions (H x W x L): 63 x 7 x 26 inches
Features: An artful combination of style and function, this adjustable LED lamp is a perfect addition to any home office or living space. The acrylic lense diffuses light while the rotary dimmer switch allows you to dial in the desired brightness.; Modern style that blends with most décor; Brushed antique brass finish, acrylic head, marble base; Balanced and sleek floor lamp ready to go among furniture or in a dark corner; 7""Wx26""Dx63""H; Easy assembly in 15-30 minutes",data/raw/images/small/55/552c9245.jpg
q005,B075X1T517|amazon.in,1,a table lamp,"floor lamp for living room, not a table lamp",,"Title: Stone & Beam Leland Modern Textured Table Lamp With Bulb, 24.5""H, Grey
Category: Indoor Lighting/Ceiling Lighting/Pendant Lights
Product type: LAMP
Brand: Stone & Beam
Color: Grey
Material: Ceramic Metal Fabric
Dimensions (H x W x L): 24.5 x 15 x 15 inches
Features: Make sure this fits by entering your model number; 15"" Diameter x 24.5""H; Ceramic base with linen shade and metal hardware; Classic and modern touches blend with any style bedroom or living area; 9-watt LED bulb included; Easy assembly; Intended for indoor use only; 1 year limited warranty",data/raw/images/small/cc/cc2fabe2.jpg
q005,B075X2NLJZ|amazon.com.au,1,a table lamp,"floor lamp for living room, not a table lamp",,"Title: Rivet Pineapple Ceramic Table Lamp, Modern, 18"" H, White and Gold
Category: Indoor Lighting/Lamps
Product type: LAMP
Brand: Rivet
Color: White
Material: Ceramic+FabrIc
Style: Pineapple
Dimensions (H x W x L): 18 x 10 x 10 inches
Features: This lovely lamp features a pineapple, the symbol of friendship, hospitality and welcome. With its textured white ceramic, gold-finished crown and white fabric shade, this lamp is sure to turn heads while offering a warm ambient light.; 10""Diameter x 18""H; Ceramic base, metal crown and socket with gold finish, fabric shade; A compact piece ideal for an end table or desk in classic, modern or transitional rooms; 9-watt LED bulb included; Easy assembly; Intended for indoor use only",data/raw/images/small/12/12ef42a5.jpg
q005,B075X2YJHZ|amazon.com,2,exact match,"floor lamp for living room, not a table lamp",,"Title: Amazon Brand – Stone & Beam Vintage Industrial Spotlight Tripod Floor Lamp With LED Light Bulb - 25.5 x 25.5 x 60 Inches, Black
Category: Lighting & Ceiling Fans/Lamps & Shades/Floor Lamps
Product type: LAMP
Brand: Stone & Beam
Color: Black
Material: Metal
Dimensions (H x W x L): 60 x 25.5 x 25.5 inches
Features: Indulge your inner Hollywood director with a show-stopping floor lamp. The spotlight adjusts up and down and side to side, while a glass lens diffuses the light. This one piece combines vintage, modern, industrial and glam for a true style statement.; 25.5""W x 25.5""D x 60""H; Black metal hardware and tripod; glass diffuser; A bold style piece for a transitional, modern or industrial room; LED bulb included; Easy assembly; Intended for indoor use only",data/raw/images/small/6b/6bcc53d0.jpg
q005,B075X3S2Z6|amazon.ca,2,exact match,"floor lamp for living room, not a table lamp",,"Title: Rivet Retro Two-Orb Tree Lamp with Bulbs, 65"" H, White and Brass
Category: Lighting & Ceiling Fans/Lamps, Bases & Shades/Floor Lamps
Product type: CONSUMER_ELECTRONICS
Brand: Rivet
Color: Brass/White
Material: Metal+Glass
Style: Modern/Retro
Dimensions (H x W x L): 65 x 10 x 15.6 inches
Features: Two milky white glass orbs extend from a brass pole in this cleverly designed retro tree lamp. This piece brings warm ambient light along with a strong style statement to any room with modern or mid-century-influenced decor.; 15.6""W x 10"" D x 65"" H; A sturdy steel pole with brass finish; glass orbs; A statement piece that will add ambient light to a modern or mid-century style room; LED bulbs included; Easy assembly; Intended for indoor use only",data/raw/images/small/46/46108133.jpg
q005,B07B4ZK8BR|amazon.com,2,exact match,"floor lamp for living room, not a table lamp",,"Title: Amazon Brand – Rivet Mid-Century Modern Floor Lamp with Wireless USB Port Charging Wood Table, 59""H, Light Bulb Included, Black
Category: Lighting & Ceiling Fans/Lamps & Shades/Floor Lamps
Product type: LAMP
Brand: Rivet
Color: Black
Material: Linen
Style: Modern
Dimensions (H x W x L): 59 x 20 x 20 inches
Features: Your guests will take notice of this cleverly designed modern piece that includes a lamp, side table, wireless charging and USB port -- all in one! A wide linen drum shade hanging from the arced arm adds true mid-century influence.; 20""W x 20""D x 59""H; Bulbs included; Assemble in 15 minutes or less; Intended for indoor use only",data/raw/images/small/ea/ea7e022e.jpg
q005,B07B51946F|amazon.com,0,not a lamp,"floor lamp for living room, not a table lamp",,"Title: Amazon Brand – Rivet Mid Century Modern Industrial Fan Table Desk Lamp With 3 Edison Light Bulbs - 16.5 x 8 x 17.25 Inch, Wood Finish
Category: Lighting & Ceiling Fans/Lamps & Shades/Table Lamps
Product type: LAMP
Brand: Rivet
Color: Wood Finish
Style: Floor Lamp
Dimensions (H x W x L): 17.25 x 16.5 x 8 inches
Features: 16.5""W x 8""D x 17.25""H; Bulbs included; Assemble in 15 minutes or less; Intended for indoor use only; Flip the switch and watch your guests' surprise when this lamp outputs light rather than a breeze. Three Edison bulbs complete the retro industrial fan look of this lamp, which is rimmed with faux wood for a hint of rustic style.",data/raw/images/small/d2/d2474d2e.jpg
q005,B07DBCMTPB|amazon.com,2,exact match,"floor lamp for living room, not a table lamp",,"Title: Amazon Brand – Ravenna Home Clear Ribbed Glass Cylinder Living Room Floor Lamp with LED Bulb - 64.25 Inches, Brushed Nickel
Category: Lighting & Ceiling Fans/Lamps & Shades/Floor Lamps
Product type: LAMP
Brand: Ravenna Home
Color: Brushed Nickel
Style: Floor Lamp
Dimensions (H x W x L): 19.13 x 19.75 x 18.13 inches
Features: This floor lamp will brighten your space with contemporary elegance; Cylinder base with brushed nickel trim; white fabric shade; LED bulb included; Dimensions: 15.00""W x 15.00""D x 64.25""H; Assemble in 15 minutes or less",data/raw/images/small/8a/8a5b0bcf.jpg
q005,B07MHMR8FV|amazon.com,1,a table lamp,"floor lamp for living room, not a table lamp",,"Title: Amazon Brand – Stone & Beam Task Lamp with Rotary Switch on the Base and LED Light Bulb - 21.5-Inch, Black / Brushed Nickel
Category: Lighting & Ceiling Fans/Lamps & Shades/Table Lamps
Product type: LAMP
Brand: Stone & Beam
Color: Black
Dimensions (H x W x L): 18.13 x 7.13 x 11.75 inches
Features: This classic-looking black and brushed-nickel table lamp is the perfect addition to a stylish home office or work station. The solid base keeps the lamp secure, and the gracefully curved neck and soft linen shade direct light where you need it most.; 7""W x 13.75""D x 21.5""H; Downbridge desk lamp with black and brushed-nickel finish; off-white linen shade; convenient rotary switch on the base; Assemble in 15 minutes or less",data/raw/images/small/2d/2d353619.jpg
q005,B07QD5SXJH|amazon.in,1,not a floor lamp,"floor lamp for living room, not a table lamp",,"Title: Rivet Modern Arc Floor Lamp with Bulb and Fabric Shade, 69""H, Antique Brass
Category: Indoor Lighting/Lamp Shades
Product type: LAMP
Brand: Rivet
Color: Brass
Material: Fabric
Dimensions (H x W x L): 69 x 16 x 36 inches
Features: You'll get direct light right where you need it with this antique brass arc floor lamp. With an adjustable shade made from a linen-like fabric, its simple, contemporary style is perfect for a reading area.; 16""W x 36""D x 69""H; Metal body, white fabric shade; Ideal for anywhere in need of direct, overhead light; Assemble in 15-30 minutes; Indoor use only",data/raw/images/small/14/143e0106.jpg
q005,B0824F7ZLF|amazon.com,2,exact match,"floor lamp for living room, not a table lamp",,"Title: Amazon Brand – Ravenna Home Traditional Metal Downbridge Floor Lamp with Adjustable Shade, LED Bulb Included, 58.25""H, Dark Bronze
Category: Lighting & Ceiling Fans/Lamps & Shades/Floor Lamps
Product type: LAMP
Brand: Ravenna Home
Color: Dark Bronze
Material: Metal
Style: Floor
Dimensions (H x W x L): 58.25 x 10 x 20 inches
Features: 10""W x 20""D x 58.25""H; Off-white linen tapered drum shade, dark-bronze base; The adjustable shade allows you to direct light where you need it most, making this an especially adaptable and useful lamp.; Uses 1 60-watt incandescent or LED-equivalent bulb. An energy-efficient 9-watt warm-white LED bulb is included.; Assemble in 15 minutes or less",data/raw/images/small/6a/6ab19530.jpg
q005,B0825CXG8H|amazon.com,1,a table lamp,"floor lamp for living room, not a table lamp",,"Title: Amazon Brand – Rivet Mid-Century Modern Metal Starburst Table Lamp, LED Bulb Included, 24.5""H, Antique Gold
Category: Lighting & Ceiling Fans/Lamps & Shades/Table Lamps
Product type: LAMP
Brand: Rivet
Color: Antique Gold
Material: Metal
Style: Table Lamp
Dimensions (H x W x L): 24.5 x 12 x 12 inches
Features: This remarkable mid-century modern antique gold table lamp is as much artwork as it is light fixture. The tapered shade of white linen casts ambient light in living room or bedroom spaces while the whole lamp brings a modern panache to interior decor.; 12""W x 12""D x 24.5""H; Gracefully tapered white linen shade, antique gold sculptural base; This mid-century modern lamp has an easy-to-use on/off rotary switch located on the socket.; Uses 1 60-watt incandescent or LED-equivalent bulb. An energy-efficient 9-watt warm-white LED bulb is included.",data/raw/images/small/a8/a893b327.jpg
q005,B0825D87LB|amazon.com,1,a table lamp,"floor lamp for living room, not a table lamp",,"Title: Amazon Brand – Stone & Beam Contemporary Glass Table Lamp with Narrow-Necked Body, LED Bulb Included, 20.25""H, Clear
Category: Lighting & Ceiling Fans/Lamps & Shades/Table Lamps
Product type: LAMP
Brand: Stone & Beam
Color: Clear
Material: Glass
Dimensions (H x W x L): 20.25 x 11 x 11 inches
Features: The unique shape, featuring a narrow neck that flares into a wide bottom, will make this table lamp a statement piece anywhere. Clear glass construction and brushed nickel accents give a classic feel to this contemporary piece that allow it to fit with the decor anywhere you need light.; 11""W x 11""D x 20.25""H; Glass body, brushed nickel, white linen drum shade; Stunning curved glass makes a statement wherever it is placed, making this lamp both a key to your decor and a useful way to bring light anywhere.; Uses 1 60-watt incandescent or LED-equivalent bulb. An energy-efficient 9-watt warm-white LED bulb is included.",data/raw/images/small/99/9913f3e9.jpg
q006,B000FTHD9W|amazon.in,0,not a dining table,round dining table for four people,,"Title: Pinzon 4-Piece Dinnerware Placesetting, Service for 1, Lilac (Retired)
Category: Kitchen & Dining/Tableware/Dinnerware & Serving Pieces/Dinnerware Sets
Product type: DISHWARE_PLACE_SETTING
Brand: Pinzon by Amazon
Color: Lilac
Features: 11-inch dinner plate, 9-1/2-inch salad plate, 6-inch cereal bowl, and 16-ounce mug; Table setting for 1 made of fine grain earthenware for everyday use; Lustrous glaze applied by hand to each piece; resists warping and cracking; All pieces feature rings around rims; Dishwasher and microwave safe",data/raw/images/small/d7/d701033f.jpg
q006,B000G63XRU|amazon.in,0,not a dining table,round dining table for four people,,"Title: Pinzon 4-Piece Dinnerware Placesetting, Service for 1, Daisy Yellow
Category: Kitchen & Dining/Tableware/Dinnerware & Serving Pieces/Dinnerware Sets
Product type: DISHWARE_PLACE_SETTING
Brand: Pinzon by Amazon
Color: Daisy Multi Yellow
Features: 11-inch dinner plate, 9-1/2-inch salad plate, 6-inch cereal bowl, and 16-ounce mug; Table setting for 1 made of fine grain earthenware for everyday use; Lustrous glaze applied by hand to each piece; resists warping and cracking; All pieces feature rings around rims; Dishwasher and microwave safe",data/raw/images/small/b2/b234f942.jpg
q006,B001NEIPW2|amazon.com,2,exact match,round dining table for four people,,"Title: Strathwood Sheffield Bistro Table, White
Category: Patio Furniture & Accessories/Patio Seating
Product type: OUTDOOR_LIVING
Brand: Strathwood by Amazon.com
Features: Beautiful, sturdy hardwood bistro table suitable for outdoors or indoors; Made of acacia, a durable tropical hardwood that withstands the elements exceptionally well; Folds and stores easily; finished with matte-gloss acrylic paint; Arrives fully assembled with stainless-steel hardware; matching chairs available separately; Measures 25.6 inches in diameter by 29.5 inches high",data/raw/images/small/88/88afab72.jpg
q006,B00DBSSHTY|amazon.co.uk,2,exact match,round dining table for four people,,"Title: Strathwood Garden Furniture Padre Round Garden Dining Table Weatherproof Poly Rattan 48""
Category: Home & Garden/Garden & Outdoors/Categories/Garden Furniture & Accessories/Tables/Dining Tables
Product type: ABIS_LAWN_AND_GARDEN
Brand: Strathwood
Material: plastic
Features: Attractive espresso brown dining table made of poly rattan, which it tastes in any weather conditions.; The frame is made of sturdy yet lightweight aluminium and is covered with weatherproof polyrattan made of synthetic resin fibre. Therefore, the table does not fade, weather or age.; The poly rattan has a decorative geometric check design and contoured leg rests provide plenty of leg space under the table; Matching armrests are sold separately in a double pack.; Measures 48"" diameter x 30"" height and weighs 7.1kg easy to assemble and easy to clean",data/raw/images/small/e2/e2b58405.jpg
q006,B00LFIZ4FW|amazon.co.uk,1,"not round, for more than 4 people",round dining table for four people,,"Title: AmazonBasics 72-Inch (180 cm) Dining Table Cover
Category: Home & Garden/Garden & Outdoors/Categories/Garden Furniture & Accessories/Garden Furniture Covers/Tables
Product type: FURNITURE_COVER
Brand: AmazonBasics
Color: Grey
Material: Fabric
Style: Single
Dimensions (H x W x L): 12.75 x 11.25 x 3.25 inches
Features: Measures approximately 180 cm wide by 114 cm deep by 67 cm tall; Round dining-table furniture cover protects against rain, snow and other outdoor elements; 100% woven polyester fabric; Click-close straps snap around furniture to secure the cover on windy days; Protective splash-guard base, tough interlocking seams add strength and durability",data/raw/images/small/4c/4c74ab3e.jpg
q006,B00R3Z4J7U|amazon.ca,0,not a dining table,round dining table for four people,,"Title: AmazonBasics 16-Piece Classic White Dinnerware Set, Round, Service for 4
Category: Kitchen & Dining/Tabletop/Plates/Dinner Plates
Product type: DISHWARE_PLACE_SETTING
Brand: AmazonBasics
Color: Round
Dimensions (H x W x L): 5 x 12.6 x 13.6 inches",data/raw/images/small/58/582a2090.jpg
q006,B0157FD02C|primenow.amazon.com,0,not a dining table,round dining table for four people,,"Title: AmazonBasics 16-Piece Kitchen Dinnerware Set, Plates, Bowls, Mugs, Service for 4, White
Category: Kitchen & Dining/Dining & Entertaining/Dinnerware/Dinnerware Sets
Product type: DISHWARE_PLACE_SETTING
Brand: AmazonBasics
Color: White
Material: AB-grade porcelain
Style: Dinnerware Set
Dimensions (H x W x L): 12.2 x 12.2 x 13.4 inches
Features: 16-piece round dinnerware set; service for 4; AB-grade porcelain; BPA-free; lightweight yet durable; Elegant white finish to complement existing kitchen décor; Safe in your microwave, oven, and freezer as well as dishwasher-safe; Includes 4 each: 10.5-inch dinner plate, 7.5-inch dessert plate, 5.5 x 2.75-inch bowl, and 4-inch-tall mug",data/raw/images/small/52/520de306.jpg
q006,B072ZK887F|amazon.com,1,"not a dining table, but round",round dining table for four people,,"Title: Amazon Brand – Rivet Meeks Round Side Table with Fabric Storage Basket, 24""H, Walnut and Grey
Category: Furniture/Living Room Furniture/Tables/End Tables
Product type: TABLE
Brand: Rivet
Color: Grey
Material: Metal
Style: Organic modern
Dimensions (H x W x L): 16.7 x 23.6 x 16.7 inches
Features: This clever piece is an all-in-one side table and a great place for guests to park keys and phones. Wood top and narrow legs provide a modern feel, while the cloth basket is handy for storage.; 16.7""L x 16.7""W x 23.6""H ; Color: Grey; Engineered wood with walnut veneer; fabric basket; Modern yet classic to blend with your existing style; Convenient side table for any room needing extra storage; Easy assembly; Free returns for 30 days. 1-year warranty.",data/raw/images/small/ae/ae0d52b1.jpg
q006,B075YQXRJM|amazon.com,1,not round,round dining table for four people,,"Title: Amazon Brand – Rivet Mid-Century Modern Minimalist Dining Kitchen Table, 53.1""L, Walnut Wood
Category: Furniture/Kitchen & Dining Room Furniture/Tables
Product type: TABLE
Brand: Rivet
Color: Brown
Material: Hardwood
Dimensions (H x W x L): 28.5 x 53.1 x 31.5 inches
Features: Beautiful in its simplicity and clean lines, this dining table is mid-century minimalist design at its best. Its compact size makes it ideal as a dining table in a small space, but it can also double as a desk or craft table.; 53.1""L x 31.5""D x 28.5""H; Walnut veneer on hardwood top and solid beech legs; Compact size allows it to multi-task as a dining table or desk in small spaces; Assemble in 15-30 minutes. Wipe with soft dry cloth.; Free returns for 30 days. 1-year warranty.",data/raw/images/small/37/379f95e3.jpg
q006,B07BDVBFH5|amazon.co.uk,0,not a dining table,round dining table for four people,,"Title: AmazonBasics Stone & Beam 20-Piece Flatware Set, Service for 4 - Round
Category: Home & Garden/Home & Kitchen/Categories/Cooking & Dining/Tableware/Cutlery/Cutlery Sets/Mixed Cutlery Sets
Product type: FLATWARE
Brand: AmazonBasics
Material: Stainless Steel
Style: Round
Dimensions (H x W x L): 1.57 x 5.12 x 9.65 inches
Description: An Amazon Brand - Whether your meal is at the dining room table or in the back yard, you'll enjoy the unfussy elegance of this flatware. It's dishwasher safe for easy clean-up afterward. Cleanly rounded handles can blend with traditional or more modern dinnerware.
Features: Whether your meal is at the dining room table or in the back yard, you'll enjoy the unfussy elegance of this flatware. It's dishwasher safe for easy clean-up afterward. Cleanly rounded handles can blend with traditional or more modern dinnerware.; 18/10 Stainless Steel; Durable and easy to clean; Dishwasher safe; Dinner Knives: 9.37""L x 0.3""W x 0.79""H; Dinner Spoons: 7.17""L x 1.58""W x 0.88""H; Dinner Forks: 7.98""L x 0.93""W x 0.87""H; Tea Spoons: 6.5""L x 1.37""W x 0.88""H; Salad Forks: 7.15""L x 0.89""W x 0.97""H.20 pieces/4 place settings; each has dinner knife, spoon and fork; tea spoon; salad fork",data/raw/images/small/c4/c42bc4bc.jpg
q006,B07GJKFS4F|amazon.in,0,not a dining table,round dining table for four people,,"Title: AmazonBasics Stainless Steel Dinner Knives with Round Edge, Pack of 12
Category: Kitchen & Dining/Tableware/Cutlery & Flatware/Knives/Dinner Knives
Product type: KITCHEN_KNIFE
Brand: AmazonBasics
Color: Silver
Material: Stainless Steel
Dimensions (H x W x L): 0.6 x 5.6 x 10 inches
Features: 12 dinner knives for adding to an existing set or for catering special events; Made of 13/0 stainless steel for utility and strength; Elegant style with beautiful round-edge handle shape; Dishwasher-safe for easy cleaning; 1 year limited warranty; For customer service and warranty related queries please contact_us on: [1800-419-0416] (available Monday to Saturday from 9:30 AM to 6:00 PM except national holidays)",data/raw/images/small/fa/fad81964.jpg
q006,B083SWXZBZ|amazon.in,1,not round,round dining table for four people,,"Title: Amazon Brand - Solimo Clara 4 Seater Sheesham Wood Dining Table Set with Chairs (Walnut Finish)
Category: Furniture/Kitchen & Dining Room Furniture/Dining Room Sets
Product type: FURNITURE
Brand: Amazon Brand - Solimo
Color: Walnut Finish
Material: Sheesham Wood
Style: Modern
Dimensions (H x W x L): 762 x 914 x 914 millimeters
Features: Material: Solid Sheesham wood with a premium walnut finish; Seating capacity of 4; comes with 4 chairs; Requires assembly: the product requires carpenter assembly and will be provided by the seller; Warranty: 3-year warranty on manufacturing defects; Passed more than 15 quality and safety tests; Table has undergone a durability test conducted over 15,000 cycles to ensure long life; Chair has passed a back seat fatigue test conducted over 50,000 cycles; Table has a load bearing capacity of 100 kg to provide proper support; Made free from toxins or harmful chemicals to promise safe usage; Table Dimensions: Length (43 inches) , Width (27 inches), Height (29 inches); Chair Dimensions: Depth (16 inches) , Width (18 inches), Height (35 inches)",data/raw/images/small/e7/e72e345a.jpg
q006,B083SYCS14|amazon.in,1,not round,round dining table for four people,,"Title: Amazon Brand - Solimo Clara 6 Seater Sheesham Wood Dining Table Set with Chairs (Walnut Finish)
Category: Furniture/Kitchen & Dining Room Furniture/Dining Room Sets
Product type: FURNITURE
Brand: Amazon Brand - Solimo
Color: Walnut Finish
Material: Sheesham Wood
Style: Modern
Dimensions (H x W x L): 762 x 1499 x 914 millimeters
Features: Material: Solid Sheesham wood with a premium walnut finish; Seating capacity of 6; comes with 6 chairs; Requires assembly: the product requires carpenter assembly and will be provided by the seller; Warranty: 3-year warranty on manufacturing defects; Passed more than 15 quality and safety tests; Table has undergone a durability test conducted over 15,000 cycles to ensure long life; Chair has passed a back seat fatigue test conducted over 50,000 cycles; Table has a load bearing capacity of 100 kg to provide proper support; Made free from toxins or harmful chemicals to promise safe usage; Table Dimensions: Length (59 inches) , Width (35 inches), Height (29 inches) , Chair Dimensions: Depth (16 inches) , Width (18 inches), Height (35 inches)",data/raw/images/small/9b/9b028388.jpg
q006,B084H87DQZ|amazon.ae,1,for 2 people,round dining table for four people,,"Title: Rivet Contemporary Geometric Area Rug
Category: Home Décor/Rugs, Pads & Protectors/Area Rugs
Product type: HOME_FURNITURE_AND_DECOR
Brand: Rivet",data/raw/images/small/57/57321312.jpg
q006,B085Z6C2J4|amazon.in,1,not round,round dining table for four people,,"Title: Amazon Brand - Solimo Hove Solid Sheesham Wood 6 Seater Dining Table with Chairs and Bench (Teak Finish)
Category: Furniture/Kitchen & Dining Room Furniture/Dining Room Sets
Product type: FURNITURE
Brand: Amazon Brand - Solimo
Color: Teak Finish
Material: Sheesham Wood
Style: Contemporary
Dimensions (H x W x L): 760 x 990 x 1500 millimeters
Features: Material: Sheesham Solid Wood with a premium teak finish; Table has undergone horizontal fatigue test of 15000 cycles and the chair has passed 50,000 cycles of back seat fatigue test; The table has load bearing capacity of 100 kg to provide proper support; The dining set is resistant to humidity, hot water and stains.; The robust structure has undergone 15+ quality and safety tests; meets European safety requirement EN 12521 standard, density of wood 811 kg/cu.m; Free from burrs & sharp edges for enhanced safety; Made free from toxins or harmful chemicals to promise safe use; Table Dimensions: Length (56 Inches), Width, (35 inches), Height (29 inches); Chair Dimensions: Length (17 Inches), Width, (17 inches), Height (42 inches); Bench Dimensions: Length (46 Inches), Width, (16 inches), Height (18 inches)",data/raw/images/small/d0/d0f34839.jpg
q006,B085ZKX1TB|amazon.com,2,exact match,round dining table for four people,,"Title: Amazon Brand - Solimo Karen Solid Sheesham Wood 4 Seater Dining Table with Chairs (Teak Finish)
Category: Furniture/Kitchen & Dining Room Furniture/Table & Chair Sets
Product type: FURNITURE
Brand: Amazon Brand - Solimo
Color: Teak Finish
Material: Sheesham Wood
Style: Contemporary
Dimensions (H x W x L): 760 x 990 x 990 millimeters
Features: Table Dimensions: Length (39 Inches), Width, (39 inches), Height (30 inches); Chair Dimensions: Length (17 Inches), Width, (17 inches), Height (35 inches); Material: Sheesham Solid Wood with a premium teak finish; Table has undergone horizontal fatigue test of 15000 cycles and the chair has passed 50,000 cycles of back seat fatigue test; The table has load bearing capacity of 100 kg to provide proper support; The dining set is resistant to humidity, hot water and stains.; The robust structure has undergone 15+ quality and safety tests; meets European safety requirement EN 12521 standard, density of wood 811 kg/cu.m; Free from burrs & sharp edges for enhanced safety; Made free from toxins or harmful chemicals to promise safe use",data/raw/images/small/09/09cfc13f.jpg
q007,B071LQHVJZ|amazon.com,2,exact match,"beige area rug with a simple design, not colorful",,"Title: Amazon Brand – Stone & Beam Contemporary Interlocking Rings Wool Area Rug, 5 x 7 Foot, Beige
Category: Kitchen & Dining Features/Kitchen & Dining Archives/2020-10/222425 - Area Rugs, Runners & Pads
Product type: HOME_FURNITURE_AND_DECOR
Brand: Stone & Beam
Color: Beige
Material: wool
Style: Contemporary
Dimensions (H x W x L): 0.5 x 60 x 84 inches
Features: 100% Wool; Imported; This soft rug's neutral color is enlivened with a classic interlocking pattern in bone white. The dynamic design and simple two-tone color palette is contemporary yet classic enough to blend into any décor.; Modern neutral colors; Hand-hooked in India. 100% wool.; Ideal for medium-traffic areas; 5' x 7'; Pairs with a rug pad (sold separately); Ships tightly rolled in a protective bag; Unroll, allow a few days for natural fibers to settle.",data/raw/images/small/9e/9eebbb8f.jpg
q007,B075JR5KF5|amazon.co.uk,1,not simple design,"beige area rug with a simple design, not colorful",,"Title: Stone & Beam Traditional Regal Adornment Rug
Category: Home & Garden/Home & Kitchen/Categories/Home Accessories/Rugs, Pads & Protectors/Area Rugs
Product type: HOME_FURNITURE_AND_DECOR
Brand: Stone & Beam",data/raw/images/small/ed/eda46c27.jpg
q007,B075LCPZFP|amazon.co.uk,1,"not beige, not simple design","beige area rug with a simple design, not colorful",,"Title: Amazon Brand - Rivet Pink Global Floral Wool Rug, 4' x 6', Pink
Category: Home & Garden/Home & Kitchen/Categories/Home Accessories/Rugs, Pads & Protectors/Area Rugs
Product type: HOME_FURNITURE_AND_DECOR
Brand: Rivet
Material: Wool",data/raw/images/small/70/70d48cff.jpg
q007,B0794PSNTT|amazon.ca,1,not simple design,"beige area rug with a simple design, not colorful",,"Title: Stone & Beam Floral Kaleidoscope Traditional Area Rug
Category: Home Décor/Rugs, Pads & Protectors/Area Rugs
Product type: HOME_LIGHTING_AND_LAMPS
Brand: Stone & Beam
Color: Denim",data/raw/images/small/27/27163d76.jpg
q007,B07CTRWV5G|amazon.ca,0,not a rug,"beige area rug with a simple design, not colorful",,"Title: Neutral Swatch, Rivet 25010051
Category: Furniture/Living Room Furniture/Ottomans
Product type: OTTOMAN
Brand: Rivet
Color: Neutral",data/raw/images/small/09/09046773.jpg
q007,B07GFGV877|amazon.co.uk,1,not beige,"beige area rug with a simple design, not colorful",,"Title: Rivet Abstract Reflections Wool Rug, 4' x 6', Navy Blue
Category: Home & Garden/Home & Kitchen/Categories/Home Accessories/Rugs, Pads & Protectors/Area Rugs
Product type: HOME_FURNITURE_AND_DECOR
Brand: Rivet",data/raw/images/small/06/060b2ae5.jpg
q007,B07KKFVFL4|amazon.co.uk,0,"not beige, not an area rug","beige area rug with a simple design, not colorful",,"Title: AmazonBasics Ergonomic Anti-Fatigue Standing Desk Mat, Office Mat, Acupuncture Stimulating Surface, 80 x 62.5 x 7.6 cm, Black, Pack of 4
Category: Home & Garden/Home & Kitchen/Categories/Home Accessories/Rugs, Pads & Protectors/Area Rugs
Product type: SAFETY_SUPPLY
Brand: AmazonBasics
Color: Black
Material: Soft Foam
Style: 80 x 62.5 x 7.6 cm
Dimensions (H x W x L): 24.6 x 3 x 31.5 inches
Features: Anti-fatigue floor mat for standing desks and other standing work environments; Made of 100% polyurethane foam that provides a firm yet comfortable standing surface; Contoured mat with raised elements allows user to stretch, apply healthy pressure to feet and move about naturally; Relieves body tension and improves posture and circulation with an ergonomic design; Helps combat health issues associated with a sedentary lifestyle when combined with standing desk; Durable construction maintains its integrity and shape with daily use",data/raw/images/small/bd/bdcd8e2c.jpg
q007,B07KRBQY8K|amazon.com,0,not a rug,"beige area rug with a simple design, not colorful",,"Title: Tan Swatch, Ravenna Home
Category: Furniture/Accent Furniture/Ottomans
Product type: OTTOMAN
Brand: Ravenna Home
Color: Tan
Style: Tan Cotton",data/raw/images/small/1b/1b523ec0.jpg
q007,B07KRN2386|amazon.co.uk,1,not beige,"beige area rug with a simple design, not colorful",,"Title: Stone & Beam Casual Plaid Rug
Category: Home & Garden/Home & Kitchen/Categories/Home Accessories/Rugs, Pads & Protectors/Area Rugs
Product type: HOME_FURNITURE_AND_DECOR
Brand: Stone & Beam",data/raw/images/small/a3/a35d2076.jpg
q007,B07P1TKX9L|amazon.com,0,not a rug,"beige area rug with a simple design, not colorful",,"Title: Stone & Beam Haze Swatch, Stone & Beam
Category: Furniture
Product type: SWATCH
Brand: Stone & Beam
Color: Haze",data/raw/images/small/8c/8c8dabc6.jpg
q007,B07P56B9TB|amazon.com,0,not a rug,"beige area rug with a simple design, not colorful",,"Title: Rivet Grey Swatch, Rivet
Category: Furniture
Product type: SWATCH
Brand: Rivet
Color: Grey",data/raw/images/small/3f/3fc6f881.jpg
q007,B07PZ7RVS8|amazon.ca,0,not a rug,"beige area rug with a simple design, not colorful",,"Title: AmazonBasics Chevron Poly Rib Commercial Carpet Vinyl-Backed Mat 3x10 Brown
Category: Kitchen & Dining
Product type: JANITORIAL_SUPPLY
Brand: AmazonBasics
Color: Brown
Style: 3/8 "" - Thick
Dimensions (H x W x L): 0.375 x 36 x 120 inches",data/raw/images/small/0c/0cc30b1c.jpg
q007,B07R8F5R2V|amazon.ca,0,not a rug,"beige area rug with a simple design, not colorful",,"Title: AmazonBasics 1 ½”circle Felt Furniture Pads, Beige, 60-piece
Category: Hardware/Furniture Hardware/Furniture Pads
Product type: ABIS_HOME_IMPROVEMENT
Brand: AmazonBasics
Color: Beige
Dimensions (H x W x L): 1.18 x 5.12 x 11 inches
Features: Self-adhesive felt pads for placing underneath furniture legs to protect flooring; Prevents scratches, scrapes, and other damage; Soft felt construction provides a gentle barrier and slight elevation; Adhesive back allows you to easily install the pads onto flat surfaces; Suitable for a wide variety of home furniture, decor, and electronics",data/raw/images/small/20/20b4939d.jpg
q007,B07SCKV46L|amazon.ca,0,not a rug,"beige area rug with a simple design, not colorful",,"Title: AmazonBasics Platform Cat Tree - Medium, Beige (Renewed)
Category: Cats/Beds & Furniture/Activity Trees
Product type: PET_SUPPLIES
Brand: AmazonBasics
Color: Beige
Style: Medium
Dimensions (H x W x L): 46.26 x 22.05 x 24.8 inches
Features: Ideal for small to large size cats up to 30lbs,1-3 cats; Multi-platform cat tree with scratching posts; Helps keep your cat from damaging carpets, furniture, curtains, and more; Carpeted platforms provide space to relax, play, and climb; Natural jute fiber scratching posts help keep nails healthy; Neutral color tones fit in with your home’s existing décor",data/raw/images/small/9c/9c88a134.jpg
q007,B07TCGFHRD|amazon.co.uk,1,not beige,"beige area rug with a simple design, not colorful",,"Title: Amazon Brand - Movian Struma, Rectangular area rug, 221 cm x 160 cm (L x W), Geometric pattern
Category: Home & Garden/Home & Kitchen/Categories/Home Accessories/Rugs, Pads & Protectors/Area Rugs
Product type: HOME_FURNITURE_AND_DECOR
Brand: Movian
Color: Movian
Material: Polypropylene
Style: Contemporary
Dimensions (H x W x L): 509.676 x 160.02 x 220.98 centimeters
Features: This rug measures 221 cm x 160 cm (L x W); Shape: Rectangular; Pattern: Geometric; Materials: 100% Polypropylene; Stain and fade resistant; 2-year Product Warranty",data/raw/images/small/42/42018b9f.jpg
q007,B07V7G8L8Y|amazon.co.uk,0,not a rug,"beige area rug with a simple design, not colorful",,"Title: AmazonBasics Anti-Slip Rug Underlay, 140 x 200 cm
Category: Home & Garden/Home & Kitchen/Categories/Home Accessories/Rugs, Pads & Protectors/Rug Pads
Product type: RUG_PAD
Brand: AmazonBasics
Dimensions (H x W x L): 9.9822 x 21.0312 x 27.94 centimeters
Features: Non-woven fibres and anti-slip coat help prevent slipping hazards around your home; Available in several different sizes, can easily be cut to size; Suitable for all floor types, including carpets, laminate, and vinyl; Made of polyester fleece coated with acrylic resin",data/raw/images/small/ad/adc2cabb.jpg
q007,B082Q8NLZ3|amazon.com,0,not a rug,"beige area rug with a simple design, not colorful",,"Title: Amazon Brand – Stone & Beam Conner Slipcover Sofa Couch, 90""W, Beige
Category: Home Décor/Slipcovers/Sofa Slipcovers
Product type: FURNITURE_COVER
Brand: Stone & Beam
Color: Beige
Style: Sofa
Dimensions (H x W x L): 34 x 90 x 42 inches
Features: This slipcover sofa couch brings style to any living or family room. Durable fabric-covered down-blend seat cushions provide lasting comfort, and the simple design elements complement any decor. There is plenty of room for friends and family or to stretch out and watch a movie.; This item is made to order just for you.; Overall: 90""W x 42""D x 34""H; seat height: 20""H; seat depth: 26""D; seat back height: 14""H; arm height: 24""H; leg height: 2.75""H; Sturdy wood frame and legs; life-friendly performance fabric; down-blend seat and back cushions; Removable and reversible seat and back cushions ensure durability and comfort.; Vacuum or wipe with a dry cloth. Spot clean if needed.; Free returns for 30 days. 3-year warranty.",data/raw/images/small/d6/d628bbad.jpg
q007,B084H87DQZ|amazon.ae,0,"not beige, and colorful","beige area rug with a simple design, not colorful",,"Title: Rivet Contemporary Geometric Area Rug
Category: Home Décor/Rugs, Pads & Protectors/Area Rugs
Product type: HOME_FURNITURE_AND_DECOR
Brand: Rivet",data/raw/images/small/57/57321312.jpg
q008,B01MRT550V|amazon.com,0,not a cabinet,small storage cabinet for entryway,,"Title: AmazonBasics Wall-Mounted Farmhouse Coat Rack, 5 Standard Hooks, Black
Category: Storage & Organization/Home Storage Hooks/Coat Hooks
Product type: STORAGE_HOOK
Brand: AmazonBasics
Color: Black
Style: Single
Dimensions (H x W x L): 2.8 x 4.6 x 22.5 inches
Features: Wall-mountable coat rack with wood base and 5 standard double metal hooks; Perfect for organization and storage of coats, clothing items, scarves, towels, pet leashes, and more; Space-saving design is a convenient alternative to free-standing racks; Durable metal double hooks hold up to 5 pounds of weight each; Wood base mounts flush to any wall in your entryway, bedroom, closet, bathroom, and more; Available in a variety of sizes and finishes",data/raw/images/small/0a/0ae2d648.jpg
q008,B01MXTX8MC|amazon.com,0,not a cabinet,small storage cabinet for entryway,,"Title: AmazonBasics Wall-Mounted Farmhouse Coat Rack, 5 Standard Hooks, Light Walnut
Category: Storage & Organization/Home Storage Hooks/Coat Hooks
Product type: STORAGE_HOOK
Brand: AmazonBasics
Color: Light Walnut
Material: wood
Style: Single
Dimensions (H x W x L): 2.8 x 4.6 x 22.5 inches
Features: Wall-mountable coat rack with wood base and 5 standard double metal hooks; Perfect for organization and storage of coats, clothing items, scarves, towels, pet leashes, and more; Space-saving design is a convenient alternative to free-standing racks; Durable metal double hooks hold up to 5 pounds of weight each; Wood base mounts flush to any wall in your entryway, bedroom, closet, bathroom, and more; Available in a variety of sizes and finishes",data/raw/images/small/32/32bd3107.jpg
q008,B01N2PLWIL|amazon.com,0,not a cabinet,small storage cabinet for entryway,,"Title: AmazonBasics Wall-Mounted Farmhouse Coat Rack, 5 Standard Hooks, Barnwood
Category: Storage & Organization/Home Storage Hooks/Coat Hooks
Product type: STORAGE_HOOK
Brand: AmazonBasics
Color: Barnwood
Material: wood
Style: Single
Dimensions (H x W x L): 2.8 x 4.6 x 22.5 inches
Features: Wall-mountable coat rack with wood base and 5 standard double metal hooks; Perfect for organization and storage of coats, clothing items, scarves, towels, pet leashes, and more; Space-saving design is a convenient alternative to free-standing racks; Durable metal double hooks hold up to 5 pounds of weight each; Wood base mounts flush to any wall in your entryway, bedroom, closet, bathroom, and more; Available in a variety of sizes and finishes",data/raw/images/small/47/47db1d91.jpg
q008,B073G947XM|amazon.com,1,not a storage cabinet for entryway,small storage cabinet for entryway,,"Title: Amazon Brand – Stone & Beam Union Modern Storage Bench, 38""W, Emerald
Category: Furniture/Entryway Furniture/Storage Benches
Product type: BENCH
Brand: Stone & Beam
Color: Emerald
Material: Stone
Style: Modern
Dimensions (H x W x L): 19 x 38 x 18 inches
Features: This classic, tailored storage bench is the perfect place to hide those extra pillows in your master suite or stow toys in the living room. Simple modern design in a magnificent deep green adds just the right pop of color.; 38”W x 18” D x 19”H; Solid pine frame and polyester fabric; Modern and functional; Provides stylish storage; Minimal assembly required; Made-to-order; Free returns for 30 days. 1-year warranty.",data/raw/images/small/d0/d0954294.jpg
q008,B07847Y5BG|amazon.co.uk,2,exact match,small storage cabinet for entryway,,"Title: Amazon Brand - Movian Constance - 3-Door Shoe Cabinet/Cupboard/Organizer, 75 x 25 x 128cm, Black & White London Print
Category: Home & Garden/Home & Kitchen/Categories/Storage & Organisation/Clothing & Wardrobe Storage/Shoe Racks
Product type: CLOTHES_RACK
Brand: Movian
Color: London Print
Material: Wood
Style: Shoe Cabinet
Dimensions (H x W x L): 128 x 75 x 25 centimeters
Features: Dimensions: 25 x 75 x 128cm; Minimalist matt white melamine finish; Easily stores 18-24 pairs of shoes; On-trend and contemporary yet classic design; Simple assembly with two people required; Requires Assembly; 2-year Product Warranty",data/raw/images/small/0a/0a626e03.jpg
q008,B07B8FHTJ4|amazon.com,2,exact match,small storage cabinet for entryway,,"Title: Amazon Brand – Stone & Beam Farmhouse Wall Mounted Cabinet Storage Organzier - 23 x19 x 6 Inch, Natural Wood
Category: Furniture/Accent Furniture/Storage Cabinets
Product type: CABINET
Brand: Stone & Beam
Color: Natural
Material: Wood
Style: Farmhouse
Dimensions (H x W x L): 23.25 x 19.25 x 6.75 inches
Features: This wall cabinet provides vintage style along with storage space for spices, mail and more in your kitchen or entryway. Display small objects or stash your keys in the three cubbies on the bottom. The distressed finish adds to the antique appeal.; 19.25"" W x 23.25"" H x 6.75"" D; Constructed from hardwood; iron hinges and door pulls; Ready to hang, all hardware included",data/raw/images/small/1e/1e0b766a.jpg
q008,B07D5LNPYP|amazon.com,1,not small,small storage cabinet for entryway,,"Title: AmazonBasics Coat Locker, Corner Section
Category: Office & School Supplies/Education & Crafts/Classroom Furniture/Coat Lockers
Product type: CABINET
Brand: AmazonBasics
Material: Wood
Style: Corner Section
Dimensions (H x W x L): 48 x 26 x 26 inches
Features: Corner-section coat locker helps keep belongings neatly organized and easily accessible; ideal for a daycare, preschool, or classroom; Durable solid-pine construction for reliable strength and stability; attractive natural-pine finish looks nice in any setting; Open compartments provide space for hats up top, jackets and backpacks in the middle, and shoes on the bottom; Assembly required; can be securely connected to a wall for added safety; all necessary hardware included; wipes clean with a damp cloth; Measures 26 by 26 by 48 inches (LxWxH); backed by an AmazonBasics 1-year limited warranty",data/raw/images/small/4c/4c9f6216.jpg
q008,B07D5M2YZC|amazon.com,1,not for entryway,small storage cabinet for entryway,,"Title: AmazonBasics Storage Cabinet, 2 Shelves
Category: Office & School Supplies/Education & Crafts/Classroom Furniture/Book Display & Storage
Product type: TEACHING_EQUIPMENT
Brand: AmazonBasics
Material: Wood
Style: Without Back
Dimensions (H x W x L): 24 x 13 x 48 inches
Features: Cabinet helps keep items neatly stored; ideal for a daycare, preschool, or classroom; 2 open shelves (3 flat surfaces total) accommodate books, toys, games, and more; Durable solid-pine construction for reliable strength and stability; attractive natural-pine finish looks nice in any setting; Assembly required; can be securely connected to a wall for added safety; all necessary hardware included; wipes clean with a damp cloth; Measures 48 by 13 by 24 inches (LxWxH); backed by an AmazonBasics 1-year limited warranty",data/raw/images/small/ec/ec087494.jpg
q008,B07DBB1S8N|amazon.com,1,not small,small storage cabinet for entryway,,"Title: Amazon Brand – Ravenna Home Upholstered Entryway Cushioned Storage Bench - 47 1/4-Inch, Espresso
Category: Furniture/Entryway Furniture/Storage Benches
Product type: BENCH
Brand: Ravenna Home
Color: Espresso
Material: Wood
Dimensions (H x W x L): 17.7 x 47.2 x 14.2 inches
Features: Plywood with dark walnut laminate finish and reversible bench cushion; Convenient storage bench perfect for entryway or mudroom; Clean transitional style that will blend with any décor; No assembly required; Free returns for 30 days. 1-year warranty.; 15.7""L x 47.2""W x 17.7""H",data/raw/images/small/92/92d72672.jpg
q008,B07DBDTCTY|amazon.com,1,not for entryway,small storage cabinet for entryway,,"Title: Amazon Brand – Ravenna Home Upholstered Entryway Cushioned Storage Bench - 31 1/2-Inch, Espresso
Category: Furniture/Entryway Furniture/Storage Benches
Product type: BENCH
Brand: Ravenna Home
Color: Espresso
Material: Wood
Dimensions (H x W x L): 17.7 x 31.5 x 14.2 inches
Features: 15.7""Lx 31.5""Wx 17.7""H; Wood with espresso walnut laminate; Convenient storage bench perfect for entryway or mudroom; Clean transitional style that will blend with any décor; No assembly required; Free returns for 30 days. 1-year warranty.",data/raw/images/small/82/82b1d300.jpg
q008,B07GFDZWMS|amazon.co.uk,2,exact match,small storage cabinet for entryway,,"Title: Amazon Brand - Movian Inari 3-door Shoe Cabinet/Cupboard/Organizer, 25 x 75 x 128 cm, Dark Grey
Category: Home & Garden/Home & Kitchen/Categories/Furniture/Hallway Furniture/Cabinets
Product type: CABINET
Brand: Movian
Color: Grey
Material: Wood
Style: Shoe Cabinet
Dimensions (H x W x L): 128 x 75 x 25 centimeters
Features: Dimensions: 25 x 75 x 128cm; Minimalist matt grey melamine finish; Easily stores 18-24 pairs of shoes; A stylish yet functional storage solution; Simple assembly with two people required; Requires Assembly; 2-year Product Warranty",data/raw/images/small/10/10841aed.jpg
q008,B07GFS1R7X|amazon.co.uk,2,exact match,small storage cabinet for entryway,,"Title: Amazon Brand - Movian Inari 3-door Shoe Cabinet/Cupboard/Organizer, 25 x 75 x 128 cm, Light Brown Oak-Effect
Category: Home & Garden/Home & Kitchen/Categories/Furniture/Hallway Furniture/Cabinets
Product type: CABINET
Brand: Movian
Color: Oak
Material: Wood
Style: Shoe Cabinet
Dimensions (H x W x L): 128 x 75 x 25 centimeters
Features: Dimensions: 25 x 75 x 128cm; Classic oak foil finish; Easily stores 18-24 pairs of shoes; A stylish yet functional storage solution; Simple assembly with two people required; Requires Assembly; 2-year Product Warranty",data/raw/images/small/46/46e04da4.jpg
q008,B07GFS1WH7|amazon.co.uk,2,exact match,small storage cabinet for entryway,,"Title: Movian Adour 3-Door Shoe Cabinet/Cupboard/Organizer, 25 x 75 x 128cm, White & Vintage-Wood-Look
Category: Home & Garden/Home & Kitchen/Categories/Furniture/Hallway Furniture/Cabinets
Product type: CABINET
Brand: Movian
Color: Printing
Material: Wood
Style: Shoe Cabinet
Dimensions (H x W x L): 128 x 75 x 25 centimeters
Features: Dimensions: 25 x 75 x 128cm; Minimalist matt white melamine finish; Easily stores 18-24 pairs of shoes; On-trend and contemporary yet classic design; Simple assembly with two people required; Requires Assembly; 2-year Product Warranty",data/raw/images/small/0e/0eba90e2.jpg
q008,B07L3694Q9|amazon.com,0,not a cabinet,small storage cabinet for entryway,,"Title: AmazonBasics Wall Mounted Modern Coat Rack, 5 Hooks, Set of 2, Natural
Category: Storage & Organization/Home Storage Hooks/Coat Hooks
Product type: STORAGE_HOOK
Brand: AmazonBasics
Color: Natural
Material: wood
Style: 2-Pack
Dimensions (H x W x L): 2.48 x 3.7 x 22.5 inches
Features: 2 pack of wall-mountable coat rack with wood base and 5 modern double metal hooks; Perfect for organization and storage of coats, clothing items, scarves, towels, pet leashes, and more; Space-saving design is a convenient alternative to free-standing racks; Durable metal double hooks hold up to 5 pounds of weight each; Wood base mounts flush to any wall in your entryway, bedroom, closet, bathroom, and more; Available in a variety of sizes and finishes",data/raw/images/small/94/94be89e1.jpg
q008,B07LC5Y96J|amazon.in,2,exact match,small storage cabinet for entryway,,"Title: Amazon Brand - Solimo Andro Engineered Wood Shoe Rack with Drawer (Espresso Finish)
Category: Furniture/Hallway Furniture/Shoe Racks
Product type: CLOTHES_RACK
Brand: Amazon Brand - Solimo
Color: Teak Walnut
Material: Engineered Wood
Style: Modern
Dimensions (H x W x L): 800 x 415 x 590 millimeters
Features: Dimensions of 59cm (length), 42cm (width), 80cm (height); Premium quality engineered wood structure, certified after over; Rich espresso finish adds versatility and a touch of elegance; Smooth edges for protection against accidental scrapes and cuts; High strength shelves with a loading capacity of 50 kg each; Made with high quality European standard particle board; Doors and drawers certified for long term durability with over; Tested for resistance against humidity, stains and hot water to; Free from harmful chemicals and toxins to facilitate safe use; Comes with 3-year warranty on manufacturing defects",data/raw/images/small/40/40baf45a.jpg
q008,B07M6PKCQQ|amazon.com,1,not for entryway,small storage cabinet for entryway,,"Title: Amazon Brand – Ravenna Home Classic Solid Pine Storage Bench, 45""W, White Wash Finish
Category: Furniture/Entryway Furniture/Storage Benches
Product type: BENCH
Brand: Ravenna Home
Color: White
Material: Pine
Dimensions (H x W x L): 19.69 x 15.75 x 46.46 inches
Features: 45""W x 15.75""D x 19.7""H; Solid pine; Shoe bench with cushion and cabinet; Cushion for maximized comfort and functionality; Assemble in 30 minutes–1 hour; Avoid moisture. Wipe clean with soft, dry cloth.",data/raw/images/small/b1/b18d48a7.jpg
q008,B07MF1RR2V|amazon.com,1,"not small, not for entryway",small storage cabinet for entryway,,"Title: Amazon Brand – Ravenna Home Classic Solid Pine Storage Bench, 45""W, Black Finish
Category: Furniture/Entryway Furniture/Storage Benches
Product type: BENCH
Brand: Ravenna Home
Color: Black
Dimensions (H x W x L): 19.69 x 15.75 x 45.04 inches
Features: 45""W x 15.75""D x 19.7""H; Solid pine; Shoe bench with cushion and cabinet; Cushion for maximized comfort and functionality; Assemble in 30 minutes–1 hour; Avoid moisture. Wipe clean with soft, dry cloth.",data/raw/images/small/a2/a2274471.jpg
q008,B07MF1SRM6|amazon.com,1,not for entryway,small storage cabinet for entryway,,"Title: Amazon Brand – Ravenna Home Classic Solid Pine Storage Bench, 46.5""W, Black Finish
Category: Furniture/Entryway Furniture/Storage Benches
Product type: BENCH
Brand: Ravenna Home
Color: Black
Dimensions (H x W x L): 19.69 x 15.75 x 46.46 inches
Features: 46.5""W x 15.75""D x 19.7""H; Solid pine; Shoe bench with cushion and cabinet; Cushion for maximized comfort and functionality; Assemble in 30 minutes–1 hour; Avoid moisture. Wipe clean with soft, dry cloth.",data/raw/images/small/65/658205f2.jpg
q008,B07P64ZJQG|amazon.com,1,not for entryway,small storage cabinet for entryway,,"Title: AmazonBasics Classic Shoe Bench with Lift-Top Compartment and 3 Storage Cubbies - Black Oak
Category: Furniture/Entryway Furniture/Storage Benches
Product type: BENCH
Brand: AmazonBasics
Color: Black Oak
Material: Hardwood
Dimensions (H x W x L): 15.75 x 19.69 x 35.43 inches
Features: Storage bench for shoes, boots, accessories, and more; Includes 3 open-front cubby holes, for shoes or bin storage and a lift-top; Removable bench cushion for comfort; Sturdy hardwood and MDF construction with turned wood feet; Perfect for entryway, foyer, utility room, bedroom, and more; Stylish design fits in beautifully with existing home furniture and decor",data/raw/images/small/66/667a1bd9.jpg
q008,B07QD6V13M|amazon.com,2,exact match,small storage cabinet for entryway,,"Title: Amazon Brand – Rivet Modern Media Storage Cabinet, 31.5""W, White
Category: Furniture/Living Room Furniture/TV & Media Furniture/Media Storage
Product type: HOME_FURNITURE_AND_DECOR
Brand: Rivet
Color: White
Dimensions (H x W x L): 30 x 15.75 x 31.5 inches",data/raw/images/small/b6/b675dfca.jpg
q008,B07QFB1L2P|amazon.com,2,exact match,small storage cabinet for entryway,,"Title: Amazon Brand – Stone & Beam Sumner Modern Filing Cabinet, 21.5""W, White
Category: Furniture/Home Office Furniture/Home Office Cabinets
Product type: CABINET
Brand: Stone & Beam
Color: White
Material: Pine
Style: File Cabinet
Dimensions (H x W x L): 30.5 x 20 x 21.5 inches
Features: Additional storage space is always in style! Form combines with function in this white wooden filing or storage cabinet, perfect for a study or home office.; 21.5''W x 20''D x 30.5''H; Solid pine and MDF; This wooden filing cabinet has 2 deep drawers for all of your storage and filing needs.; The simple yet distinctive design of this modern white cabinet blends with furnishings of any decorative style.; Assemble in 15-30 minutes; Wipe clean with a soft, dry cloth.; Free returns for 30 days. 3-year warranty.",data/raw/images/small/89/89c32f99.jpg
q008,B07TDL211V|amazon.in,2,exact match,small storage cabinet for entryway,,"Title: Amazon Brand - Solimo Tia Engineered Wood Small Shoe Rack with Seat (Oak Finish)
Category: Furniture/Hallway Furniture/Shoe Racks
Product type: CLOTHES_RACK
Brand: Amazon Brand - Solimo
Color: Oak Finish
Material: Engineered Wood
Style: Modern
Dimensions (H x W x L): 475 x 290 x 580 millimeters
Features: Product Dimensions: Length (58 cm), Width (29 cm), Height (47.5 cm); Sturdy design made from European standard premium quality engineered wood that is tested for resistance against humidity, stains and hot water to ensure longevity; Certified after more than 15 safety and quality tests; Smooth edges for protection against accidental scrapes and cuts; Easy-to-clean, compact design with an elegant finish; Assembly Required: The product requires carpenter assembly and will be provided by the seller; Warranty: 3-year warranty on manufacturing defects; Free from harmful chemicals and toxins to facilitate safe use",data/raw/images/small/1d/1dff0731.jpg
q008,B07XKC5BCW|amazon.ca,1,not small,small storage cabinet for entryway,,"Title: Stone & Beam Vintage Farmhouse Wood Floating Wall Storage Cabinet with Chalkboard - 24 x 21 x 8 Inches, Antique White (Renewed)
Category: Nursery/Furniture
Product type: CABINET
Brand: Stone & Beam
Color: Antique White
Material: Wood
Dimensions (H x W x L): 23.75 x 21.25 x 8.25 inches
Features: This clever piece provides a chalkboard for reminders, shelves for storing small items and art for your wall -- all in one. The white painted finish provides a striking contrast to the dark chalkboard and metalwork across the top.; 21.25"" W x 23.75"" H x 8.25"" D; Constructed from hardwood with iron bar; Ready to hang, all hardware included",data/raw/images/small/3b/3b5a735a.jpg
q009,B000WIB27K|amazon.in,1,has plastic handle,"stainless steel kitchen knife set, not plastic handle",,"Title: Strathwood 5-Piece Full Tang Steak Knife Set with Professional Sharpener
Category: Kitchen & Dining/Kitchen Tools/Kitchen Knives/Kitchen Knife Sets
Product type: KITCHEN_KNIFE
Brand: Strathwood by Amazon",data/raw/images/small/da/dab9cbe7.jpg
q009,B00R3Z3ZF2|amazon.ca,1,has plastic handle,"stainless steel kitchen knife set, not plastic handle",,"Title: AmazonBasics Premium 18-Piece Knife Block Set
Category: Kitchen & Dining/Kitchen Knives & Cutlery Accessories/Knife Block Sets
Product type: KNIFE_BLOCK_SET
Brand: AmazonBasics
Dimensions (H x W x L): 14 x 6.29 x 9 inches
Features: 18-piece knife set includes 8-inch chef's, 7-inch Santoku, 8-inch slicing, 8-inch bread, 5.5-inch utility, 6-inch boning, 3.5-inch paring, (8) 4.5-inch steak knives, 8-inch kitchen shears, 8-inch sharpener, and wood block; Precision-formed blades have finely sharpened edges for exceptional use; Made of high-quality stainless steel; Weighted knives for effective use, balance, and control; Triple-riveted, ergonomic handles for a secure and comfortable grip; Hand wash only",data/raw/images/small/eb/eb2d78ba.jpg
q009,B00R3Z49G6|primenow.amazon.com,1,has plastic handle,"stainless steel kitchen knife set, not plastic handle",,"Title: AmazonBasics 14-Piece Kitchen Knife Set with High-Carbon Stainless-Steel Blades and Pine Wood Block
Category: Kitchen & Dining/Cutlery & Knife Accessories/Knife Sets/Knife Block Sets
Product type: KNIFE_BLOCK_SET
Brand: AmazonBasics
Material: Stainless Steel
Dimensions (H x W x L): 14 x 4 x 7 inches
Features: 14-piece knife set includes: 1 Pine wood block, 1 pair of scissors, 11 knife( 8-inch chef's knife, 8-inch slicing knife, 8-inch bread knife, 5.5-inch utility knife, and 3.5-inch peeling knife); Also includes (6) 4.5-inch steak knives, kitchen shears, sharpener, and wood block; Superior high-carbon stainless-steel blades for precision results; Triple-rivet POM handles ensure a comfortable, secure grip",data/raw/images/small/ea/eafd1d62.jpg
q009,B0711YD5TK|amazon.in,1,has plastic handle,"stainless steel kitchen knife set, not plastic handle",,"Title: Amazon Brand - Solimo Premium High-Carbon Stainless Steel Utility Knife Set, 3-Pieces, Silver
Category: Kitchen & Dining/Kitchen Tools/Kitchen Knives/Kitchen Knife Sets
Product type: KITCHEN_KNIFE
Brand: Amazon Brand - Solimo
Color: Silver
Material: Stainless Steel
Style: 3 Pieces
Features: High-carbon stainless-steel blades for sharp edges; Utility knife is ideal for slicing, dicing & chopping vegetables & meat; Triple-rivet handles ensure a comfortable, stable & secure grip; Size of blade: 5 inches; size of handle: 4.3 inches; Pack contents: 3 Stainless Steel Utility Knives",data/raw/images/small/04/048f7819.jpg
q009,B0711YD5ZC|amazon.in,1,has plastic handle,"stainless steel kitchen knife set, not plastic handle",,"Title: Amazon Brand - Solimo Premium High-Carbon Stainless Steel Detachable Kitchen Shears and Knife Set, 2-Pieces, Silver
Category: Kitchen & Dining/Kitchen Tools/Kitchen Knives/Kitchen Knife Sets
Product type: KITCHEN_KNIFE
Brand: Amazon Brand - Solimo
Color: Silver
Material: Stainless Steel
Dimensions (H x W x L): 30 x 146 x 266 millimeters
Features: Utility Knife made from high-carbon stainless-steel blades for sharp edges; Triple-rivet handles on the knife ensure a comfortable, stable & secure grip; Utility knife is ideal for slicing, dicing & chopping vegetables & meat; Size of blade: 5 inches; Size of handle: 4.3 inches; Multifunction kitchen shears with detachable sides; Kitchen shears - Size of blade: 5 inches; Pack contents: 1 Utility Knife, 1 Kitchen Shears; Country of Origin: China",data/raw/images/small/52/527834fc.jpg
q009,B0719QB6HV|amazon.in,1,has plastic handle,"stainless steel kitchen knife set, not plastic handle",,"Title: Amazon Brand - Solimo Premium High-Carbon Stainless Steel Chef's Knife Set, 2-Pieces, Silver
Category: Kitchen & Dining/Kitchen Tools/Kitchen Knives/Kitchen Knife Sets
Product type: KITCHEN_KNIFE
Brand: Amazon Brand - Solimo
Color: Silver
Material: Stainless Steel
Style: 2 Pieces
Features: High-carbon stainless-steel blades for sharp edges; Chef's knife is ideal for slicing, mincing & chopping vegetables & meat; Triple-rivet handles ensure a comfortable, stable & secure grip; Size of blade: 8 inches; size of handle: 5 inches; Pack contents: 2 Chef's Knives",data/raw/images/small/9e/9ee25fbf.jpg
q009,B0719QB6HW|amazon.in,1,has plastic handle,"stainless steel kitchen knife set, not plastic handle",,"Title: Amazon Brand - Solimo Premium High-Carbon Stainless Steel Utility Knife Set, 2-Pieces, Silver
Category: Kitchen & Dining/Kitchen Tools/Kitchen Knives/Kitchen Knife Sets
Product type: KITCHEN_KNIFE
Brand: Amazon Brand - Solimo
Color: Silver
Material: Stainless Steel
Style: 2 Pieces
Dimensions (H x W x L): 30 x 86 x 266 millimeters
Features: High-carbon stainless-steel blades for sharp edges; Utility knife is ideal for slicing, dicing & chopping vegetables & meat; Triple-rivet handles ensure a comfortable, stable & secure grip; Size of blade: 5 inches; size of handle: 4.3 inches; Pack contents: 2 Stainless Steel Utility Knives; Country of Origin: China",data/raw/images/small/e5/e5c7cf54.jpg
q009,B0719QB6HX|amazon.in,1,has plastic handle,"stainless steel kitchen knife set, not plastic handle",,"Title: Amazon Brand - Solimo Premium High-Carbon Stainless Steel Detachable Kitchen Shears and 2 Kitchen Knife Set
Category: Kitchen & Dining/Kitchen Tools/Kitchen Knives/Kitchen Knife Sets
Product type: KITCHEN_KNIFE
Brand: Amazon Brand - Solimo
Color: Silver
Material: Stainless Steel
Dimensions (H x W x L): 30 x 182 x 265 millimeters
Features: High-carbon stainless-steel blades for sharp edges; Triple-rivet handles ensure a comfortable, stable & secure grip; Utility knife can be used for slicing, dicing & chopping vegetables & meat. Size of blade - 5.5 inches; Size of handle - 4.3 inches; Paring knife is ideal for peeling and cutting small garnishes. Size of blade - 3.5 inches; Size of handle - 4.3 inches; Multifunction kitchen shears with detachable sides. Size of blades: 4 inches; Pack contents: 1 Utility Knife, 1 Pairing Knife, 1 Kitchen Shears; Country of Origin: China",data/raw/images/small/a5/a56b22ac.jpg
q009,B071SDYY6N|amazon.in,1,has plastic handle,"stainless steel kitchen knife set, not plastic handle",,"Title: Amazon Brand - Solimo Premium Stainless Steel Chef's Knife, Silver
Category: Kitchen & Dining/Kitchen Tools/Kitchen Knives/Kitchen Knife Sets
Product type: KITCHEN_KNIFE
Brand: Amazon Brand - Solimo
Color: Silver
Material: Stainless Steel
Style: 1 Piece
Features: High-carbon stainless-steel blades for sharp edges; Chef's knife is ideal for slicing, mincing & chopping vegetables & meat; Size of blade: 8 inches; size of handle: 5 inches; Pack contents: 1 Chef's Knife; Triple-rivet handles ensure a comfortable, stable & secure grip",data/raw/images/small/b7/b7480275.jpg
q009,B0728HGGPC|amazon.in,1,has plastic handle,"stainless steel kitchen knife set, not plastic handle",,"Title: Amazon Brand - Solimo Premium High-Carbon Stainless Steel Kitchen Knife Set, 3-Pieces, Silver
Category: Kitchen & Dining/Kitchen Tools/Kitchen Knives/Kitchen Knife Sets
Product type: KITCHEN_KNIFE
Brand: Amazon Brand - Solimo
Color: Silver
Material: Stainless Steel
Features: High-carbon stainless-steel blades for sharp edges; Chef's knife & Utility knife is ideal for slicing, mincing & chopping vegetables & meat; Paring knife is ideal for peeling and cutting small garnishes; Chef's knife: Size of blade - 8 inches; Size of handle - 5 inches; Utility knife: Size of blade - 5 inches; Size of handle - 4.3 inches; Paring knife: Size of blade - 3.5 inches; Size of handle - 4.3 inches; Pack contents: 1 Chef's Knife, 1 Utility Knife & 1 Pairing Knife; Triple-rivet handles ensure a comfortable, stable & secure grip",data/raw/images/small/ad/ad45b505.jpg
q009,B07GJKFS4F|amazon.in,2,exact match,"stainless steel kitchen knife set, not plastic handle",,"Title: AmazonBasics Stainless Steel Dinner Knives with Round Edge, Pack of 12
Category: Kitchen & Dining/Tableware/Cutlery & Flatware/Knives/Dinner Knives
Product type: KITCHEN_KNIFE
Brand: AmazonBasics
Color: Silver
Material: Stainless Steel
Dimensions (H x W x L): 0.6 x 5.6 x 10 inches
Features: 12 dinner knives for adding to an existing set or for catering special events; Made of 13/0 stainless steel for utility and strength; Elegant style with beautiful round-edge handle shape; Dishwasher-safe for easy cleaning; 1 year limited warranty; For customer service and warranty related queries please contact_us on: [1800-419-0416] (available Monday to Saturday from 9:30 AM to 6:00 PM except national holidays)",data/raw/images/small/fa/fad81964.jpg
q009,B07P6XJRN3|amazon.in,0,"not a set, not stainless steel, has plastic handle","stainless steel kitchen knife set, not plastic handle",,"Title: Amazon Brand - Solimo Stainless Steel Bread Knife (20cm)
Category: Kitchen & Dining/Kitchen Tools/Kitchen Knives/Bread Knives
Product type: KITCHEN_KNIFE
Brand: Amazon Brand - Solimo
Color: Silver
Material: Plastic
Features: Made from high-quality, premium 100% food-grade stainless steel, which prevents rusting; Ideal for cutting through breads, cake, etc; Comes with with sharp teeth and a 7.8inch (20cm) long, 2mm thick slightly serrated blade; Comfortable grip with a 5-inch (12.7cm) triple-rivetted handle; LIghtweight design (177g)",data/raw/images/small/94/94ce4b0b.jpg
q009,B07P6XKV3B|amazon.in,1,"not stainless steel, has plastic handle","stainless steel kitchen knife set, not plastic handle",,"Title: Amazon Brand - Solimo Stainless Steel Knife Set (3 pieces)
Category: Kitchen & Dining/Kitchen Tools/Kitchen Knives/Kitchen Knife Sets
Product type: KITCHEN_KNIFE
Brand: Amazon Brand - Solimo
Color: Silver
Material: Plastic
Dimensions (H x W x L): 21 x 1.3 x 2.5 centimeters
Features: Blade made from 100% food-grade stainless steel; Handle made with polypropyene plastic, and forged with the blade; Suitable for daily usage such as peeling fruits, slicing vegetables and general cutting and scraping of food items; Dishwasher-friendly; Contents: 1 paring knife, 1 tomato knife and 1 utility knife; Length of the knives: Serrated knife - 20cm (7.8in), paring knife - 21cm (8.2in) and tomato knife- 22cm (8.6in)",data/raw/images/small/45/45a5b0fc.jpg
q009,B07PBBWVHY|amazon.in,1,not stainless steel,"stainless steel kitchen knife set, not plastic handle",,"Title: Amazon Brand - Solimo Stainless Steel Vegetable Masher
Category: Kitchen & Dining/Kitchen Tools/Kitchen Knives/Kitchen Knife Sets
Product type: KITCHEN_KNIFE
Brand: Amazon Brand - Solimo
Color: Silver
Material: Plastic
Features: Body made from high quality, 100% food-grade stainless steel; Polypropylene plastic handle for a firm grip; Provides uniform and safe mashing of boiled vegetables; Can be easily hung from a hook; Dishwasher-compatible and easy to clean; Easy to hold handle witha length of 5 inches",data/raw/images/small/7e/7e129cbd.jpg
q009,B088TLCM3D|amazon.in,1,has plastic handle,"stainless steel kitchen knife set, not plastic handle",,"Title: (Renewed) Amazon Brand - Solimo Premium High-Carbon Stainless Steel Detachable Kitchen Shears and Knife Set, 2-Pieces, Silver
Category: Kitchen & Dining/Kitchen Tools/Kitchen Knives/Kitchen Knife Sets
Product type: KITCHEN_KNIFE
Brand: Amazon Brand - Solimo
Color: Silver
Material: Stainless Steel
Features: This Certified Refurbished product is tested to work and look like new with minimal to no signs of wear & tear; the product comes with relevant accessories and is backed by a minimum six month supplier backed warranty; box may be generic; Utility Knife made from high-carbon stainless-steel blades for sharp edges; Utility knife is ideal for slicing, dicing & chopping vegetables & meat; Size of blade: 5 inches; Size of handle: 4.3 inches; Triple-rivet handles on the knife ensure a comfortable, stable & secure grip",data/raw/images/small/b3/b36ba7fd.jpg
q010,B075HR4ZDB|amazon.com,0,"ceramic, not transparent","glass vase for flowers, transparent and tall, not ceramic",,"Title: Amazon Brand – Stone & Beam Modern Decorative Ceramic Vase Decor With Geometric Pattern, 7.7 Inch Height, White
Category: Home Décor/Vases
Product type: VASE
Brand: Stone & Beam
Color: White
Dimensions (H x W x L): 6.25 x 7.63 x 6.25 inches
Features: This round stoneware vase features earth-tone geometric patterns fired in a reactive glaze, giving each piece a one-of-a-kind variegated finish. Whether used to hold flowers or simply as a display, its neutral colors will enhance any style room.; Modern patterns on classic ceramic; 100% stoneware with reactive glaze; 6.25""Diameter x 7.7""H; Sturdy, durable piece for decorative display or holding plants",data/raw/images/small/f1/f12a9d33.jpg
q010,B075HR7DM7|amazon.com,0,"not glass, not transparent, not tall","glass vase for flowers, transparent and tall, not ceramic",,"Title: Amazon Brand – Rivet Modern Angled Stoneware Vase, 5.25""H, White
Category: Home Décor/Vases
Product type: VASE
Brand: Rivet
Dimensions (H x W x L): 4.75 x 5.25 x 4.75 inches
Features: Neutral white with angled patterns allow it to blend with any room; 100% stoneware with transparent glaze; 4.75""Diameter x 5.25"" H; Durable stoneware vase great for display or holding flowers.; Soft folds and angles bring a chic design to this contemporary stoneware vase. The lovely milky white color with transparent glaze will go with any décor. Add flowers if you wish, but this vase can also stand alone as a decorative piece.",data/raw/images/small/cb/cbc43f2f.jpg
q010,B075HWDTMM|amazon.com,1,"not glass, not transparent","glass vase for flowers, transparent and tall, not ceramic",,"Title: Amazon Brand – Rivet Modern Angled Stoneware Home Decor Flower Vase - 12 Inch, White
Category: Home Décor/Vases
Product type: VASE
Brand: Rivet
Dimensions (H x W x L): 11.875 x 5.937 x 11.875 inches
Features: Neutral white with angled patterns allow it to blend with any room; 100% stoneware with transparent glaze; 5.9""Diameter x 11.9"" H; Durable stoneware vase great for display or holding flowers.; Folds and angles bring a chic design to this contemporary stoneware vase. The lovely milky white color with transparent glaze will go with any décor. Add flowers if you wish, but this vase can also stand alone as a decorative piece.",data/raw/images/small/2e/2e8003e6.jpg
q010,B075HWX46N|amazon.com,1,"not glass, not transparent","glass vase for flowers, transparent and tall, not ceramic",,"Title: Amazon Brand – Stone & Beam Modern Crosshatch Home Decor Flower Vase - 11 Inch, Blue
Category: Home Décor/Vases
Product type: VASE
Brand: Stone & Beam
Dimensions (H x W x L): 4.88 x 11.13 x 4.88 inches
Features: A modern take on a classic jug shape, this ceramic vase makes a handsome display piece. Its neutral color allows it to blend with your existing style as well as highlight any brightly colored flowers you choose to add.; Neutral color, modern pattern and classic shape fit any style room. Item made by reactive glazing due to which different, vibrant colors come naturally.; 100% stoneware. Reactive glazing makes each piece one of a kind.; 4.9""Diameter x 11.1""H; Durable stoneware vase works for display or holding flowers",data/raw/images/small/fa/faf1db43.jpg
q010,B075HXLWT5|amazon.com,0,"not glass, not transparent, not tall","glass vase for flowers, transparent and tall, not ceramic",,"Title: Amazon Brand – Rivet Modern Angled Stoneware Vase, 5.5""H, White
Category: Home Décor/Vases
Product type: VASE
Brand: Rivet
Dimensions (H x W x L): 5.5 x 6 x 6 inches
Features: Folds and angles bring a chic design to this contemporary stoneware vase. The lovely milky white color with transparent glaze will go with any décor. Add flowers if you wish, but this vase can also stand alone as a decorative piece.; Neutral white with angled patterns allow it to blend with any room; 100% stoneware with transparent glaze; 6""Diameter x 5.5""H; Durable stoneware vase great for display or holding flowers.",data/raw/images/small/10/101ddf25.jpg
q010,B075HXLWTN|amazon.com,0,"not glass, not transparent, not tall","glass vase for flowers, transparent and tall, not ceramic",,"Title: Amazon Brand – Rivet Modern Angled Stoneware Home Decor Flower Vase - 9 Inch, White
Category: Home Décor/Vases
Product type: VASE
Brand: Rivet
Dimensions (H x W x L): 6.25 x 8.7 x 6.25 inches
Features: Folds and angles bring a chic design to this contemporary stoneware vase. The lovely milky white color with transparent glaze will go with any décor. Add flowers if you wish, but this vase can also stand alone as a decorative piece.; Neutral white with angled patterns allow it to blend with any room; 100% stoneware with transparent glaze; 6.25""Diameter x 8.7"" H; Durable stoneware vase great for display or holding flowers.",data/raw/images/small/0b/0bc23401.jpg
q010,B075HXPFTG|amazon.com,0,"not glass, not transparent, not tall","glass vase for flowers, transparent and tall, not ceramic",,"Title: Amazon Brand – Rivet Modern Geometric Stoneware Home Decor Flower Vase - 6.9 Inch, White
Category: Home Décor/Vases
Product type: VASE
Brand: Rivet
Color: White
Dimensions (H x W x L): 6.25 x 6.88 x 6.25 inches
Features: Textured geometric patterns give this vase a modern, angular flair. The lovely milky white color with transparent glaze will go with any décor. Add flowers if you wish, but this vase can also stand alone as a decorative piece; Neutral white with modern patterns allow it to blend with any room; 100% stoneware with transparent glaze; 6.25""Diameter x 6.9"" H; Durable stoneware vase great for display or holding flowers",data/raw/images/small/4d/4de86a34.jpg
q010,B078JFFX4L|amazon.com,0,"ceramic, not transparent, not tall","glass vase for flowers, transparent and tall, not ceramic",,"Title: Amazon Brand – Stone & Beam Modern Round Ceramic Home Decor Flower Vase - 7 Inch, Coral White Tan
Category: Home Décor/Vases
Product type: VASE
Brand: Stone & Beam
Material: Ceramic
Style: Wide
Dimensions (H x W x L): 6.63 x 5.38 x 5.38 inches
Features: This uniquely beautiful vase will add a pop of color to your room, with or without a flower added. Bright coral is accented by drips of white. The bottom is left in an unfinished tan. Reactive glazing means no two are alike.; 5.375""D x 5.375""W x 6.6""H; Designed as a flower vase; Ceramic porcelain; Allow for variations in color",data/raw/images/small/19/194c7657.jpg
q010,B078JGHZT3|amazon.com,0,"ceramic, not transparent","glass vase for flowers, transparent and tall, not ceramic",,"Title: Amazon Brand – Stone & Beam Modern Ceramic Home Decor Flower Vase - 7 Inch, Teal White Tan
Category: Home Décor/Vases
Product type: VASE
Brand: Stone & Beam
Style: Oval vase
Dimensions (H x W x L): 7.38 x 4.5 x 4.5 inches
Features: Varying shades of blue, dripped over white on this lovely flower vase, will add a soothing, natural touch to your room. Reactive glazing on ceramic porcelain means that no two vases are alike. It will add a fresh modern touch to any style home.; 4.5""D x 4.5""W x 7.4""H; Designed as a flower vase; Ceramic porcelain; Allow for variations in color; This item is hand-dipped so there will be manufacturing variances with each item",data/raw/images/small/11/1126ac72.jpg
q010,B078JGRLCJ|amazon.com,0,"ceramic, not transparent, not tall","glass vase for flowers, transparent and tall, not ceramic",,"Title: Amazon Brand – Rivet Mid Century Modern Round Ceramic Home Decor Flower Vase - 5 Inch, Blue and Green
Category: Home Décor/Vases
Product type: VASE
Brand: Rivet
Material: Ceramic
Style: Wide
Dimensions (H x W x L): 5.3 x 6 x 6 inches
Features: Varying shades of green and blue accentuate this ceramic vase, which acts as a lovely display piece with or without cut flowers. Each is fired with reactive glaze, so no two are alike. This vase will add refreshing color to any style room.; 6""D x 6""W x 5.3""H; Designed to hold cut flowers; Ceramic stoneware; Fired with reactive glaze; allow for variations in pattern and color",data/raw/images/small/84/84bb0ce6.jpg
q010,B078JJDPR2|amazon.com,0,"ceramic, not transparent","glass vase for flowers, transparent and tall, not ceramic",,"Title: Amazon Brand – Stone & Beam Modern Ceramic Home Decor Flower Vase - 7 Inch, Teal White Tan
Category: Home Décor/Vases
Product type: VASE
Brand: Stone & Beam
Style: Stem vase
Dimensions (H x W x L): 7 x 4.13 x 4.13 inches
Features: Varying shades of blue, dripped over white on this lovely flower vase, will add a soothing, natural touch to your room. Reactive glazing on ceramic porcelain means that no two vases are alike. It will add a fresh modern touch to any style home.; 4.125""D x 4.125""W x 7""H; Designed as a flower vase; Ceramic porcelain; Allow for variations in color; This item is hand-dipped so there will be manufacturing variances with each item",data/raw/images/small/37/3711eca6.jpg
q010,B078JMJC49|amazon.com,0,"ceramic, not transparent","glass vase for flowers, transparent and tall, not ceramic",,"Title: Amazon Brand – Rivet Mid Century Modern Ceramic Home Decor Flower Vase - 12 Inch, Blue and Green
Category: Home Décor/Vases
Product type: VASE
Brand: Rivet
Material: Ceramic
Style: Tall
Dimensions (H x W x L): 12 x 5.3 x 5.3 inches
Features: Varying shades of green and blue accentuate this ceramic vase, which acts as a lovely display piece with or without cut flowers. Each is fired with reactive glaze, so no two are alike. This vase will add refreshing color to any style room.; 5.3""D x 5.3""W x 12""H; Designed to hold cut flowers; Ceramic stoneware; Fired with reactive glaze; allow for variations in pattern and color",data/raw/images/small/3a/3ae03d0d.jpg
q010,B086K7LM66|amazon.co.uk,1,not for flowers,"glass vase for flowers, transparent and tall, not ceramic",,"Title: AmazonCommercial Stemless Champagne Flute Glasses, 9.75 oz, Set of 12
Category: Home & Garden/Home & Kitchen/Categories/Cooking & Dining/Tableware/Glassware/Champagne Glasses
Product type: DRINKING_CUP
Brand: Amazon Commercial
Color: Transparent
Style: 9 oz. Stemless Champagne
Dimensions (H x W x L): 5.69 x 2.06 x 2.17 inches",data/raw/images/small/3c/3c3779eb.jpg
q010,B086XGZ6PZ|amazon.co.uk,1,not a vase for flowers,"glass vase for flowers, transparent and tall, not ceramic",,"Title: AmazonCommercial Highball Drinking Glasses, Barware Glass Tumbler, 381.5 ml, Set of 6
Category: Home & Garden/Home & Kitchen/Categories/Cooking & Dining/Tableware/Glassware/Highball Glasses
Product type: DRINKING_CUP
Brand: AmazonCommercial
Color: Transparent
Material: Glass
Style: Highball
Dimensions (H x W x L): 5.7 x 3.1 x 3.1 inches
Features: 381.5 ml highball drinking glass (set of 6) with a sleek design and a thick, sturdy base; ideal for serving mixed drinks, beer, soda and other ice-cold beverages; Made of all-purpose 100% soda-lime glass (not tempered glass); odour-resistant, stain-resistant, shatterproof and cadmium- and lead-free; suitable for residential and restaurant use; Crystal-clear glass provides exceptional clarity for nicely highlighting colourful concoctions and bubbly beverages; Residential and commercial; dishwasher- and microwave-safe up to 35°C; not oven-safe; accommodates temperatures ranging from 10°C to 100°C when heated and cooled slowly; do not put hot water in freezing-cold glass",data/raw/images/small/0d/0dc2e37b.jpg
q010,B086XH2CBN|amazon.ca,1,not a vase for flowers,"glass vase for flowers, transparent and tall, not ceramic",,"Title: AmazonCommercial Hospitality Glass Vase, 66.3 oz, Set of 2
Category: Home Décor
Product type: FOOD_SERVICE_SUPPLY
Brand: AmazonCommercial
Color: Clear
Style: 66.3 oz
Dimensions (H x W x L): 7.9 x 5.9 x 5.9 inches
Features: 100% Soda- limed glass, not tempered glass.; Dishwasher Safe, Odor resistant, Stain resistant, Not oven safe, Cadium and Lead Free, Shatter resistant, Exceptional clarity, thick base, sleek design; All-purpose glass for residential and restaurant use.; Sleek design with a sturdy base manufactured to be odor and stain resistant.; Stunning clarity to accentuate colorful contents and aesthetic presentations.",data/raw/images/small/24/24d65226.jpg
q010,B08C1F5P19|amazon.ca,0,"not a vase for flowers, not tall","glass vase for flowers, transparent and tall, not ceramic",,"Title: AmazonCommercial Shatterproof Stemless Rocks Glass, 12 oz, Pack of 60
Category: Kitchen & Dining/Tabletop/Glassware & Drinkware
Product type: DRINKING_CUP
Brand: Amazon Commercial
Color: Clear
Dimensions (H x W x L): 2.8 x 3.5 x 3.5 inches",data/raw/images/small/a7/a7c9d90c.jpg
q011,B07B4W2MFG|amazon.com,1,not a bed,,data/raw/images/small/ce/ce04dd2a.jpg,"Title: Amazon Brand – Stone & Beam Bishop Modern Wood Underbed Storage, 81.5""W, Weathered Oak
Category: Storage & Organization/Clothing & Closet Storage/Under-Bed Storage
Product type: STORAGE_BOX
Brand: Stone & Beam
Color: Weathered Oak
Material: stone
Style: Underbed Storage
Dimensions (H x W x L): 10.75 x 81.5 x 23.25 inches
Features: This underbed storage unit is a perfect solution for keeping your out-of-season clothes or extra linens out of the way, yet still conveniently within reach. Three self-closing drawers provide easy-access storage in an otherwise unusable space.; 81.5""W x 23.25""D x 10.75""H; Three self-close drawers provide ample storage and are easy to open with finger pulls; No assembly required; Free returns for 30 days. 3-year warranty.",data/raw/images/small/44/446bd061.jpg
q011,B07B4W2MFW|amazon.com,1,color mismatch,,data/raw/images/small/ce/ce04dd2a.jpg,"Title: Amazon Brand – Stone & Beam Chase Casual Wood and Rattan King Bed with Headboard, 79""W, Natural
Category: Storage & Organization/Clothing & Closet Storage/Under-Bed Storage
Product type: STORAGE_BOX
Brand: Stone & Beam
Color: Natural Rattan
Material: rattan
Style: King Bed
Dimensions (H x W x L): 54 x 79.25 x 84.5 inches
Features: 79.25""W x 84.5""D x 54""H; LegHeight: 4""; Raise rails to use under-bed storage drawers without boxspring, or lower to use boxspring; Assemble in 30 minutes-1 hour with two people; Free returns for 30 days. 3-year warranty.; Create an island getaway in your master suite with this casual-style king bed as the centerpiece. With a birch wood frame and rattan panels in the headboard and footboard, this bed can accommodate under-bed storage drawers (sold separately).",data/raw/images/small/63/6383bac3.jpg
q011,B07B4Z7MRL|amazon.com,1,not a bed,,data/raw/images/small/ce/ce04dd2a.jpg,"Title: Amazon Brand – Stone & Beam Chase Casual Wood Underbed Storage, 80"", Natural
Category: Storage & Organization/Clothing & Closet Storage/Under-Bed Storage
Product type: STORAGE_BOX
Brand: Stone & Beam
Color: Natural Rattan
Material: stone
Style: Underbed Storage
Dimensions (H x W x L): 10.4 x 80 x 21.25 inches
Features: This underbed storage unit is a perfect solution for keeping your out-of-season clothes or extra linens out of the way, yet still conveniently within reach. Three self-closing drawers provide easy-access storage in an otherwise unusable space.; 80""W x 21.25""D x 10.4""H; LegHeight: 1.75""; Three self-close drawers provide ample storage and are easy to open with finger pulls; No assembly required; Free returns for 30 days. 3-year warranty.",data/raw/images/small/85/85918fd9.jpg
q011,B07B4ZFC57|amazon.com,1,color mismatch,,data/raw/images/small/ce/ce04dd2a.jpg,"Title: Amazon Brand – Stone & Beam Chase Casual Wood and Rattan Queen Bed with Headboard, 63""W, Natural
Category: Storage & Organization/Clothing & Closet Storage/Under-Bed Storage
Product type: STORAGE_BOX
Brand: Stone & Beam
Color: Natural Rattan
Material: rattan
Style: Queen Bed
Dimensions (H x W x L): 54 x 63.25 x 84.5 inches
Features: 63.25""W x 84.5""D x 54""H; LegHeight: 4""; Raise rails to use under-bed storage drawers without boxspring, or lower to use boxspring; Assemble in 30 minutes-1 hour with two people; Free returns for 30 days. 3-year warranty.; Create an island getaway in your master suite with this casual-style queen bed as the centerpiece. With a birch wood frame and rattan panels in the headboard and footboard, this bed can accommodate under-bed storage drawers (sold separately).",data/raw/images/small/63/6383bac3.jpg
q011,B07D49ZZ6S|amazon.com,2,exact match,,data/raw/images/small/ce/ce04dd2a.jpg,"Title: Amazon Basics Bed Frame
Category: Furniture/Bedroom Furniture/Beds, Frames & Bases/Bed Frames
Product type: BED_FRAME
Brand: AmazonBasics",data/raw/images/small/24/24577cc9.jpg
q011,B07K6JF1Y8|amazon.ca,1,color mismatch,,data/raw/images/small/ce/ce04dd2a.jpg,"Title: AmazonBasics Mattress Foundation / Smart Box Spring for Cal King Size Bed, Tool-Free Easy Assembly - 9-Inch, Cal King
Category: Furniture/Bedroom Furniture/Mattresses & Box Springs/Box Springs
Product type: BED_FRAME
Brand: AmazonBasics
Color: Black
Material: metal
Style: Cal King
Dimensions (H x W x L): 9 x 71 x 83 inches
Features: Offers the look and functionality of a traditional box spring, but made from steel for longer-lasting durability sturdy enough to support any spring, foam, or hybrid mattress; Durable steel frame and horizontal slats provide sturdy, reliable support for any same-size mattress; 2-piece fabric top and bottom covers zip securely together for full coverage; cover is removable for spot cleaning; Easy Assembly: New frame construction allows for easy assembly in minutes with no tools required; Foldable steel frame to be packed in one smart package and faster delivery to your front; Measures 9 inches deep; backed by an AmazonBasics 1-year limited warranty",data/raw/images/small/97/97f0a275.jpg
q011,B07K6MBGYH|amazon.com,2,exact match,,data/raw/images/small/ce/ce04dd2a.jpg,"Title: AmazonBasics Heavy Duty Non-Slip Bed Frame with Steel Slats, Easy Assembly - 14""H, Full
Category: Furniture/Bedroom Furniture/Beds, Frames & Bases/Bed Frames
Product type: BED_FRAME
Brand: AmazonBasics
Color: Black
Material: steel
Style: Full
Dimensions (H x W x L): 14 x 54 x 75 inches
Features: Heavy-duty full bed frame with durable steel slats, no sagging or squeaking; Recessed edges ensure mattress stays in place with no sliding or shifting; Strong, supportive construction can handle higher weight capacities; Space-saving design offers generous storage space underneath; Easy to assemble by one person: “U” Type design to slide slats into the brackets in minutes, instructions and hardware included; No box spring required; Intended for individual user up to 350lbs",data/raw/images/small/df/df0c51e0.jpg
q011,B0869LMTKP|amazon.ca,2,exact match,,data/raw/images/small/ce/ce04dd2a.jpg,"Title: AmazonBasics Aurora Metal and Wood Platform Bed with Headboard - Wood Slat Support, King
Category: Furniture/Bedroom Furniture/Beds, Frames & Bases/Beds
Product type: BED
Brand: AmazonBasics
Color: Black & Espresso
Material: Metal
Style: Aurora
Dimensions (H x W x L): 37.2 x 76.14 x 81.5 inches
Features: King platform bed with frame, slats, footboard, and headboard included; Modern design with industrial metal frame and sophisticated wood accents; Durable wooden slats provide even support for mattress; Non-slip tape keeps mattress in place (mattress not included); Stress-free assembly with tools, hardware, and all components included; Does not require a box spring",data/raw/images/small/d2/d2fbefe0.jpg
q011,B086TGRSBG|amazon.com,1,not a bed frame,,data/raw/images/small/ce/ce04dd2a.jpg,"Title: AmazonBasics Wood Platform Bed - Rustic Finish - No Box Spring Needed - Strong Wood Slat Support, King
Category: Furniture/Bedroom Furniture/Beds, Frames & Bases/Beds
Product type: BED
Brand: AmazonBasics
Color: Rustic Teak
Material: Wood
Style: Mid-century modern style
Dimensions (H x W x L): 12 x 75.4 x 79.4 inches
Features: King platform bed with solid wood construction; 90% pine, 10% plywood (includes metal hardware); Mid-century modern meets sophisticated rustic design; Durable wooden slats provide even support for mattress; noise-free construction elimiates squeaks; Non-slip tape keeps mattress in place (mattress not included); Stress-free assembly with tools, hardware, and all components included; Does not require a box spring; mattress sits directly on slats",data/raw/images/small/59/59b5d509.jpg
q011,B088V8YGYM|amazon.com,2,exact match,,data/raw/images/small/ce/ce04dd2a.jpg,"Title: AmazonBasics Modern Faux-Linen Upholstered Bed Foundation - Dark Grey, King
Category: Furniture/Bedroom Furniture/Beds, Frames & Bases/Beds
Product type: BED
Brand: AmazonBasics
Color: Gray
Material: Wood
Style: Foundation
Dimensions (H x W x L): 13.98 x 76.18 x 80.51 inches
Features: King platform bed frame and mattress foundation with sideboards, footboard, legs, and durable wooden slats (mattress not included); Faux linen fabric and simple, modern design adds easy sophistication to any bedroom; Durable wood foundation slats provide even, comfortable support; No box spring required; place mattress directly on foundation frame; Easy assembly with all hardware and components included; Includes padded foam and non-slip tape to reduce noise and keep mattress from slipping",data/raw/images/small/52/521fc346.jpg
q012,B0714QGRSL|amazon.com,1,"color mismatch, not for office",,data/raw/images/small/fb/fb2a4da8.jpg,"Title: Amazon Brand – Rivet Andrews Contemporary Top-Grain Leather Chair, 40""W, Cognac
Category: Furniture/Accent Furniture/Ottomans
Product type: OTTOMAN
Brand: Rivet
Color: Cognac
Material: leather
Dimensions (H x W x L): 31.5 x 40.2 x 37 inches
Features: Bring comfort and style into your living room with this practical chair. Featuring a solid wood frame with 100% top-grain leather, it's made to withstand active households. Clean, tailored lines add a modern touch.; 40”W x 37”D x 36.2”H; Soft top-grain leather; solid hardwood frame.; Cushion made with comfortable foam cushioning and resilient elastic webbing; Free returns for 30 days. 1-year warranty.; Simple leg assembly. Vacuum or wipe with a soft, dry cloth.",data/raw/images/small/bc/bca68cc4.jpg
q012,B0792JGRNS|amazon.ca,2,"not for office, but great visual match",,data/raw/images/small/fb/fb2a4da8.jpg,"Title: Rivet Parks Mid-Century Modern Wingback Leather Chair
Category: Furniture/Living Room Furniture/Chairs
Product type: HOME_FURNITURE_AND_DECOR
Brand: Rivet",data/raw/images/small/87/87b5de32.jpg
q012,B07HSKB7B4|amazon.com,1,"not for office, color mismatch",,data/raw/images/small/fb/fb2a4da8.jpg,"Title: Amazon Brand – Stone & Beam Wickstrom Upholstered Dining Chair with Arms, 26""W, Slate Grey
Category: Furniture/Game & Recreation Room Furniture/Home Bar Furniture/Barstools
Product type: STOOL_SEATING
Brand: Stone & Beam
Color: Slate Gray
Dimensions (H x W x L): 39 x 22 x 25 inches
Features: A modern twist on the classic wingback dining chair, this beautiful piece is upholstered in versatile neutral fabric to highlight its plush, luxurious curves and cushions.; Overall: 27""D x 26""W x 37""H. Seat height: 20""; Solid wood frame and legs; Oversized seat cushion provides supreme comfort for all seating needs; Avoid moisture. Wipes clean with soft, dry cloth.; Free returns for 30 days. 3-year warranty",data/raw/images/small/31/31be481c.jpg
q012,B07R1PVS26|amazon.com,1,no backs and armrests,,data/raw/images/small/fb/fb2a4da8.jpg,"Title: AmazonBasics Pneumatic Shop Stool, Garage Seat with 300-Pound Capacity - Black
Category: Furniture
Product type: AUTO_ACCESSORY
Brand: AmazonBasics
Color: black
Dimensions (H x W x L): 14.37 x 14.96 x 14.96 inches
Features: Shop stool/garage seat (black) provides a comfortable place to sit when working on a vehicle or other project; Smooth, durable vinyl seat for added comfort; 300-pound weight capacity; Smooth-rolling 360-degree swivel caster wheels for easily moving around a work space; Integrated tool tray for keeping tools and parts neatly contained and easy to access; Measures 15 by 15 by 14.4 inches; backed by an AmazonBasics 1-year limited warranty",data/raw/images/small/b0/b028cd07.jpg
q012,B07SSHYD2Z|amazon.co.uk,2,exact match,,data/raw/images/small/fb/fb2a4da8.jpg,"Title: AmazonBasics Swivel Office Chair with Medium Back and Armrest, Mesh Back, Black
Category: Home & Garden/Home & Kitchen/Categories/Furniture/Home Office Furniture/Chairs & Stools/Desk Chairs
Product type: HOME_FURNITURE_AND_DECOR
Brand: AmazonBasics
Dimensions (H x W x L): 88.011 x 66.4972 x 69.0118 centimeters
Features: Comfortable office chair with contoured mesh back for easy breathability; Pneumatic seat height adjustment; padded seat for comfort; Maximum weight capacity: 125 kg.; Double wheels and user manual with assembly instructions included; Equipped with pressure wheels for safety reasons in accordance with EU regulations, which do not allow the chair to move when nobody is wearing it.; Dimensions: 64 cm deep, 60.9 cm wide and 90.4 cm to 102.3 cm high.",data/raw/images/small/42/42f0d7b1.jpg
q012,B081HWKWN6|amazon.co.uk,2,exact match,,data/raw/images/small/fb/fb2a4da8.jpg,"Title: UMI. by Amazon - Ergonomic office chair, Swivelling Mesh Computer Chair with Adjustable Lumbar Support and PU Armrests, Breathable Mesh Back and Padded Seat, 150 kg Max Load
Category: Home & Garden/Home & Kitchen/Categories/Furniture/Home Office Furniture/Chairs & Stools/Desk Chairs
Product type: ACCESSORY_OR_PART_OR_SUPPLY
Brand: UMI
Color: Black
Material: Alloy Steel
Dimensions (H x W x L): 130.5 x 63 x 69 centimeters
Features: 【CLASSIC BACKREST】The classic outer frame is made of eco-friendly PA materials, which is sturdy and durable to ensure your safety. The design of a slight S-shaped backrest combines the rear adjustable lumbar pillow, which fits to protect your cervical spine and lumbar spine, reduces back pain. When you feel tired from work or study, you can easily lock the three angles of 102-110-130 by adjusting the backrest level to release physical and mental pressure.; 【BREATHABLE & COMFORTABLE】The backrest and headrest are made of high-quality breathable polyester mesh to keep you cool and comfortable. High-density foam-filled seat cushion resists deformation to provide support that lasts all day long.; 【FREE ADJUSTMENT】Adjustable headrest and armrests show the flexibility of the ergonomic office chairs, you can adjust the height of the headrest and armrests according to your needs, finding the best position to perfectly support your neck, cervical spine, shoulders and arms to get the maximum relaxation. By adjusting the seat height to meet your work and daily needs.; 【SAFE & RELIABLE】The four-stage steel gas spring and heavy-duty nylon legs with max. load of 150 kg, certified by BIFMA and SGS. The thickened explosion-proof steel chassis is hard-wearing, all the details make this desk office chair use longer. The quiet chair wheel wrapped by PU can smoothly rotate 360° and is suitable for almost all floors.; 【PREMIUM SERVICE】This executive office chair has a 3-year warranty. If you have any quality problems, please contact us immediately, we wil",data/raw/images/small/ea/eac17d40.jpg
q012,B081HX9SRM|amazon.co.uk,2,exact match,,data/raw/images/small/fb/fb2a4da8.jpg,"Title: UMI. by Amazon - Ergonomic office chair, Breathable High-Back Mesh Desk Chair with Adjustable Lumbar Support, 3D Armrests, Tilt Function and 360° Rotating Wheels
Category: Home & Garden/Home & Kitchen/Categories/Furniture/Home Office Furniture/Chairs & Stools/Desk Chairs
Product type: ACCESSORY_OR_PART_OR_SUPPLY
Brand: UMI
Color: Black
Material: Alloy Steel
Dimensions (H x W x L): 120 x 61 x 70 centimeters
Features: 【ERGONOMIC DESIGN】The S-type backrest designed by imitating the human spine curve, which effectively supports the back and relieves pressure. The headrest with a 43cm wide cambered surface can fully support the cervical spine, correct for health, release brain fatigue, and inspire new inspiration, allowing you to fully enjoy sitting while working or resting.; 【BREATHABLE MESH FABRIC】This mesh office chair is made of high-quality special mesh fabric, featuring breathable, comfortable and durable, which can circulate the back air and keep cool, so you won't afraid at all of the summer sultry. The concave waterfall cushion can effectively reduce the pressure on the hips and legs. This desk chair is worth purchasing one for yourself, if you need to sit on the office chair for a long time.; 【MULTIFUNCTIONAL ADJUSTMENT】This ergonomic office chair equipped with 3D armrests, which can be adjusted front, back, left and right. The PU material of armrests with a delicate touch relax arms and shoulders, which can effectively prevent carpal tunnel problems; adjustable height waist pillow provides more powerful support for the lumbar; the multifunctional mechanism with adjustable tres levels include locking back adjustment, lifting and tilt tension to meet different needs.; 【SOLID FOUNDATION】Mechanical steel multi-function mechanism made with high technology standards; BIFMA certified four-stage gas spring; 350 aluminum alloy chair legs tested to 1136 kg static pressure; ssmooth, quiet, and scratch-free nylon wheels suitable for hard floors, carpets; all parts",data/raw/images/small/85/8552ae1a.jpg
q012,B083739MDS|amazon.com,1,no backs and armrests,,data/raw/images/small/fb/fb2a4da8.jpg,"Title: AmazonBasics Pneumatic Shop Stool, Garage Seat with 300 lb Capacity - Black (Renewed)
Category: Office Furniture & Lighting/Chairs & Sofas/Step Stools
Product type: AUTO_ACCESSORY
Brand: AmazonBasics
Color: black
Material: vinyl
Dimensions (H x W x L): 14.37 x 14.96 x 14.96 inches
Features: Shop stool/garage seat (black) provides a comfortable place to sit when working on a vehicle or other project; Smooth, durable vinyl seat for added comfort; 300-pound weight capacity; Smooth-rolling 360-degree swivel caster wheels for easily moving around a work space; Integrated tool tray for keeping tools and parts neatly contained and easy to access; Measures 15 by 15 by 14.4 inches; backed by an AmazonBasics 1-year limited warranty",data/raw/images/small/85/85a34a7e.jpg
q012,B084W339RK|amazon.com,1,"not for office, color mismatch",,data/raw/images/small/fb/fb2a4da8.jpg,"Title: Amazon Brand – Stone & Beam Vivianne Modern Upholstered Dining Chair with Casters, 24.4""W, Slate
Category: Furniture/Kitchen & Dining Room Furniture/Chairs
Product type: CHAIR
Brand: Stone & Beam
Color: Slate
Style: With Arms
Dimensions (H x W x L): 36.5 x 27.5 x 24.25 inches
Features: This beautiful modern chair will add a touch of class to your dining room. Comfortable and softly elegant, this slate-colored upholstered chair combines form and function. Reimagine your space with a contemporary flair, and enjoy a quiet dinner for two or fabulous seating for twelve!; 24.4""W x 27.6""D x 36.2""H; seat height: 20.9""H; seat depth: 17.3""D; seat back height: 33.1""H; arm height: 25.6""H; leg height: 2""H; Solid hardwood frame with moisture-repellent, stain-resistant fabric; These chairs have wheels, which makes them easy to move and comfortable to adjust.; Feather-filled cushions provide great comfort.; No assembly required; Avoid moisture. Wipe clean with a soft, dry cloth.; Free returns for 30 days. 3-year warranty.",data/raw/images/small/25/25e0ab24.jpg
q012,B0854SBC3F|amazon.com,1,"not for office, color mismatch",,data/raw/images/small/fb/fb2a4da8.jpg,"Title: Amazon Brand - Rivet Coen Contemporary Modern Upholstered Accent Swivel Chair, 30""W, Velvet Ink
Category: Furniture/Living Room Furniture/Chairs
Product type: CHAIR
Brand: Rivet
Color: Ink
Material: Wood
Style: Modern
Dimensions (H x W x L): 28.35 x 31.1 x 29.53 inches
Features: Add the finishing touch to your home decor with this contemporary-style accent chair. Its unique design and beautiful fabric adds design interest to any room, and the swivel feature ensures it's as comfortable as it is stylish.; Overall: 30""W x 31""D x 28""H; seat height: 16.93""H; seat depth: 22.83""D; seat back height: 28""H; arm height: 25.19""H; Solid-wood frame with swivel mechanism. Fabric upholstery over foam cushioning.; Clean-cut contemporary style complements modern, minimal, and urban-modern home decor.; No assembly required.; Free returns for 30 days. 1-year warranty.",data/raw/images/small/39/39bfa310.jpg
q013,B075Z6S94K|amazon.com,1,"not for office, color mismatch",,data/raw/images/small/79/798608e4.jpg,"Title: Amazon Brand – Rivet Mid-Century Swope Curved Arm Swivel Office Chair, 26""W, Aqua
Category: Furniture/Home Office Furniture/Home Office Chairs/Home Office Desk Chairs
Product type: CHAIR
Brand: Rivet
Color: Teal
Material: polyester/ Metal
Dimensions (H x W x L): 33.9 x 26 x 24.8 inches
Features: 26""W x 24.8""D x 33.9""H; Fabric is durable 100% polyester. Metal swivel base and legs.; A swivel chair ideal for a desk but attractive enough for any room; No assembly required. Vacuum or wipe with a soft dry cloth.; Free returns for 30 days. 1-year warranty.; While designed for the office, this swivel chair adds refreshing style to any room. The Mid-century inspired silhouette features graceful curves and low-profile arms Four metal legs extend outward from the swivel base.",data/raw/images/small/3b/3bf80762.jpg
q013,B0792JGRNS|amazon.ca,1,"not for office, color mismatch",,data/raw/images/small/79/798608e4.jpg,"Title: Rivet Parks Mid-Century Modern Wingback Leather Chair
Category: Furniture/Living Room Furniture/Chairs
Product type: HOME_FURNITURE_AND_DECOR
Brand: Rivet",data/raw/images/small/87/87b5de32.jpg
q013,B07QLGRVPN|amazon.in,2,exact match,,data/raw/images/small/79/798608e4.jpg,"Title: AmazonBasics Mid-Back Black Mesh Chair (Renewed)
Category: Furniture/Study & Home Office Furniture/Chairs & Sofas/Desk Chairs
Product type: CHAIR
Brand: AmazonBasics
Color: Black
Material: Plastic
Style: Mid-Back Mesh Chair
Dimensions (H x W x L): 40.35 x 24.02 x 25.2 inches
Features: Comfortable office chair with contoured mesh back for breathability; Pneumatic seat-height adjustment; padded seat for comfort; 225-pound maximum weight capacity; Dual-wheel casters; user manual with assembly instructions included; Measures 25.2 inches deep by 24 inches wide by 35.6 to 40.3 inches high; 1-year limited warranty",data/raw/images/small/24/244c03a7.jpg
q013,B07QYB14F4|amazon.ca,2,"color mismatch, but great visual match",,data/raw/images/small/79/798608e4.jpg,"Title: AmazonBasics Low-Back Computer Task/Desk Chair with Swivel Casters - Red (Renewed)
Category: Furniture/Home Office Furniture/Chairs & Stools/Desk Chairs
Product type: CHAIR
Brand: AmazonBasics
Color: Red
Material: mesh
Dimensions (H x W x L): 38.19 x 17.72 x 18.7 inches
Features: Comfortable task and computer chair with red contoured mesh back for support and breathability; Pneumatic seat-height adjustment; 2-inch-thick padded seat for added comfort; 225-pound maximum weight capacity; Smooth-rolling casters; user manual with assembly instructions included; Measures 22.5 inches deep by 21.5 inches wide by 30.5 to 34.5 inches high; 1-year limited warranty",data/raw/images/small/af/afeb9bb5.jpg
q013,B07R1PVS26|amazon.com,1,no backs and armrests,,data/raw/images/small/79/798608e4.jpg,"Title: AmazonBasics Pneumatic Shop Stool, Garage Seat with 300-Pound Capacity - Black
Category: Furniture
Product type: AUTO_ACCESSORY
Brand: AmazonBasics
Color: black
Dimensions (H x W x L): 14.37 x 14.96 x 14.96 inches
Features: Shop stool/garage seat (black) provides a comfortable place to sit when working on a vehicle or other project; Smooth, durable vinyl seat for added comfort; 300-pound weight capacity; Smooth-rolling 360-degree swivel caster wheels for easily moving around a work space; Integrated tool tray for keeping tools and parts neatly contained and easy to access; Measures 15 by 15 by 14.4 inches; backed by an AmazonBasics 1-year limited warranty",data/raw/images/small/b0/b028cd07.jpg
q013,B07SSHYD2Z|amazon.co.uk,2,exact match,,data/raw/images/small/79/798608e4.jpg,"Title: AmazonBasics Swivel Office Chair with Medium Back and Armrest, Mesh Back, Black
Category: Home & Garden/Home & Kitchen/Categories/Furniture/Home Office Furniture/Chairs & Stools/Desk Chairs
Product type: HOME_FURNITURE_AND_DECOR
Brand: AmazonBasics
Dimensions (H x W x L): 88.011 x 66.4972 x 69.0118 centimeters
Features: Comfortable office chair with contoured mesh back for easy breathability; Pneumatic seat height adjustment; padded seat for comfort; Maximum weight capacity: 125 kg.; Double wheels and user manual with assembly instructions included; Equipped with pressure wheels for safety reasons in accordance with EU regulations, which do not allow the chair to move when nobody is wearing it.; Dimensions: 64 cm deep, 60.9 cm wide and 90.4 cm to 102.3 cm high.",data/raw/images/small/42/42f0d7b1.jpg
q013,B081HWKWN6|amazon.co.uk,2,exact match,,data/raw/images/small/79/798608e4.jpg,"Title: UMI. by Amazon - Ergonomic office chair, Swivelling Mesh Computer Chair with Adjustable Lumbar Support and PU Armrests, Breathable Mesh Back and Padded Seat, 150 kg Max Load
Category: Home & Garden/Home & Kitchen/Categories/Furniture/Home Office Furniture/Chairs & Stools/Desk Chairs
Product type: ACCESSORY_OR_PART_OR_SUPPLY
Brand: UMI
Color: Black
Material: Alloy Steel
Dimensions (H x W x L): 130.5 x 63 x 69 centimeters
Features: 【CLASSIC BACKREST】The classic outer frame is made of eco-friendly PA materials, which is sturdy and durable to ensure your safety. The design of a slight S-shaped backrest combines the rear adjustable lumbar pillow, which fits to protect your cervical spine and lumbar spine, reduces back pain. When you feel tired from work or study, you can easily lock the three angles of 102-110-130 by adjusting the backrest level to release physical and mental pressure.; 【BREATHABLE & COMFORTABLE】The backrest and headrest are made of high-quality breathable polyester mesh to keep you cool and comfortable. High-density foam-filled seat cushion resists deformation to provide support that lasts all day long.; 【FREE ADJUSTMENT】Adjustable headrest and armrests show the flexibility of the ergonomic office chairs, you can adjust the height of the headrest and armrests according to your needs, finding the best position to perfectly support your neck, cervical spine, shoulders and arms to get the maximum relaxation. By adjusting the seat height to meet your work and daily needs.; 【SAFE & RELIABLE】The four-stage steel gas spring and heavy-duty nylon legs with max. load of 150 kg, certified by BIFMA and SGS. The thickened explosion-proof steel chassis is hard-wearing, all the details make this desk office chair use longer. The quiet chair wheel wrapped by PU can smoothly rotate 360° and is suitable for almost all floors.; 【PREMIUM SERVICE】This executive office chair has a 3-year warranty. If you have any quality problems, please contact us immediately, we wil",data/raw/images/small/ea/eac17d40.jpg
q013,B081HX9SRM|amazon.co.uk,2,exact match,,data/raw/images/small/79/798608e4.jpg,"Title: UMI. by Amazon - Ergonomic office chair, Breathable High-Back Mesh Desk Chair with Adjustable Lumbar Support, 3D Armrests, Tilt Function and 360° Rotating Wheels
Category: Home & Garden/Home & Kitchen/Categories/Furniture/Home Office Furniture/Chairs & Stools/Desk Chairs
Product type: ACCESSORY_OR_PART_OR_SUPPLY
Brand: UMI
Color: Black
Material: Alloy Steel
Dimensions (H x W x L): 120 x 61 x 70 centimeters
Features: 【ERGONOMIC DESIGN】The S-type backrest designed by imitating the human spine curve, which effectively supports the back and relieves pressure. The headrest with a 43cm wide cambered surface can fully support the cervical spine, correct for health, release brain fatigue, and inspire new inspiration, allowing you to fully enjoy sitting while working or resting.; 【BREATHABLE MESH FABRIC】This mesh office chair is made of high-quality special mesh fabric, featuring breathable, comfortable and durable, which can circulate the back air and keep cool, so you won't afraid at all of the summer sultry. The concave waterfall cushion can effectively reduce the pressure on the hips and legs. This desk chair is worth purchasing one for yourself, if you need to sit on the office chair for a long time.; 【MULTIFUNCTIONAL ADJUSTMENT】This ergonomic office chair equipped with 3D armrests, which can be adjusted front, back, left and right. The PU material of armrests with a delicate touch relax arms and shoulders, which can effectively prevent carpal tunnel problems; adjustable height waist pillow provides more powerful support for the lumbar; the multifunctional mechanism with adjustable tres levels include locking back adjustment, lifting and tilt tension to meet different needs.; 【SOLID FOUNDATION】Mechanical steel multi-function mechanism made with high technology standards; BIFMA certified four-stage gas spring; 350 aluminum alloy chair legs tested to 1136 kg static pressure; ssmooth, quiet, and scratch-free nylon wheels suitable for hard floors, carpets; all parts",data/raw/images/small/85/8552ae1a.jpg
q013,B083739MDS|amazon.com,1,no backs and armrests,,data/raw/images/small/79/798608e4.jpg,"Title: AmazonBasics Pneumatic Shop Stool, Garage Seat with 300 lb Capacity - Black (Renewed)
Category: Office Furniture & Lighting/Chairs & Sofas/Step Stools
Product type: AUTO_ACCESSORY
Brand: AmazonBasics
Color: black
Material: vinyl
Dimensions (H x W x L): 14.37 x 14.96 x 14.96 inches
Features: Shop stool/garage seat (black) provides a comfortable place to sit when working on a vehicle or other project; Smooth, durable vinyl seat for added comfort; 300-pound weight capacity; Smooth-rolling 360-degree swivel caster wheels for easily moving around a work space; Integrated tool tray for keeping tools and parts neatly contained and easy to access; Measures 15 by 15 by 14.4 inches; backed by an AmazonBasics 1-year limited warranty",data/raw/images/small/85/85a34a7e.jpg
q013,B08568HG2X|amazon.com,2,exact match,,data/raw/images/small/79/798608e4.jpg,"Title: Amazon Brand – Rivet Decatur Modern Faux Leather Kitchen Counter-Height Stool, 37""H, Black
Category: Furniture/Game & Recreation Room Furniture/Home Bar Furniture/Barstools
Product type: STOOL_SEATING
Brand: Rivet
Color: Black
Dimensions (H x W x L): 37.01 x 22.05 x 18.11 inches
Features: This beautiful modern counter-height barstool features a bold squared-off design for both the seat and legs. The metal frame, supported by an H-spreader bar encompasses a plush, backed, armless seat upholstered in durable faux leather.; Overall: 22""D x 18""W x 37""H. Seat height: 26""; Solid wooden frame and black metal legs combine for maximum style and support; Avoid moisture. Wipes clean with soft, dry cloth.; Arrives fully assembled.; Free returns for 30 days. 1-year warranty",data/raw/images/small/90/90362fc5.jpg
q014,B075Z6S94K|amazon.com,1,"not for office, color mismatch",,data/raw/images/small/11/11b87755.jpg,"Title: Amazon Brand – Rivet Mid-Century Swope Curved Arm Swivel Office Chair, 26""W, Aqua
Category: Furniture/Home Office Furniture/Home Office Chairs/Home Office Desk Chairs
Product type: CHAIR
Brand: Rivet
Color: Teal
Material: polyester/ Metal
Dimensions (H x W x L): 33.9 x 26 x 24.8 inches
Features: 26""W x 24.8""D x 33.9""H; Fabric is durable 100% polyester. Metal swivel base and legs.; A swivel chair ideal for a desk but attractive enough for any room; No assembly required. Vacuum or wipe with a soft dry cloth.; Free returns for 30 days. 1-year warranty.; While designed for the office, this swivel chair adds refreshing style to any room. The Mid-century inspired silhouette features graceful curves and low-profile arms Four metal legs extend outward from the swivel base.",data/raw/images/small/3b/3bf80762.jpg
q014,B0792JGRNS|amazon.ca,1,not for office,,data/raw/images/small/11/11b87755.jpg,"Title: Rivet Parks Mid-Century Modern Wingback Leather Chair
Category: Furniture/Living Room Furniture/Chairs
Product type: HOME_FURNITURE_AND_DECOR
Brand: Rivet",data/raw/images/small/87/87b5de32.jpg
q014,B07QLGRVPN|amazon.in,2,exact match,,data/raw/images/small/11/11b87755.jpg,"Title: AmazonBasics Mid-Back Black Mesh Chair (Renewed)
Category: Furniture/Study & Home Office Furniture/Chairs & Sofas/Desk Chairs
Product type: CHAIR
Brand: AmazonBasics
Color: Black
Material: Plastic
Style: Mid-Back Mesh Chair
Dimensions (H x W x L): 40.35 x 24.02 x 25.2 inches
Features: Comfortable office chair with contoured mesh back for breathability; Pneumatic seat-height adjustment; padded seat for comfort; 225-pound maximum weight capacity; Dual-wheel casters; user manual with assembly instructions included; Measures 25.2 inches deep by 24 inches wide by 35.6 to 40.3 inches high; 1-year limited warranty",data/raw/images/small/24/244c03a7.jpg
q014,B07QYB14F4|amazon.ca,2,"color mismatch, but great visual match",,data/raw/images/small/11/11b87755.jpg,"Title: AmazonBasics Low-Back Computer Task/Desk Chair with Swivel Casters - Red (Renewed)
Category: Furniture/Home Office Furniture/Chairs & Stools/Desk Chairs
Product type: CHAIR
Brand: AmazonBasics
Color: Red
Material: mesh
Dimensions (H x W x L): 38.19 x 17.72 x 18.7 inches
Features: Comfortable task and computer chair with red contoured mesh back for support and breathability; Pneumatic seat-height adjustment; 2-inch-thick padded seat for added comfort; 225-pound maximum weight capacity; Smooth-rolling casters; user manual with assembly instructions included; Measures 22.5 inches deep by 21.5 inches wide by 30.5 to 34.5 inches high; 1-year limited warranty",data/raw/images/small/af/afeb9bb5.jpg
q014,B07R1PVS26|amazon.com,1,no backs and armrests,,data/raw/images/small/11/11b87755.jpg,"Title: AmazonBasics Pneumatic Shop Stool, Garage Seat with 300-Pound Capacity - Black
Category: Furniture
Product type: AUTO_ACCESSORY
Brand: AmazonBasics
Color: black
Dimensions (H x W x L): 14.37 x 14.96 x 14.96 inches
Features: Shop stool/garage seat (black) provides a comfortable place to sit when working on a vehicle or other project; Smooth, durable vinyl seat for added comfort; 300-pound weight capacity; Smooth-rolling 360-degree swivel caster wheels for easily moving around a work space; Integrated tool tray for keeping tools and parts neatly contained and easy to access; Measures 15 by 15 by 14.4 inches; backed by an AmazonBasics 1-year limited warranty",data/raw/images/small/b0/b028cd07.jpg
q014,B07SSHYD2Z|amazon.co.uk,2,exact match,,data/raw/images/small/11/11b87755.jpg,"Title: AmazonBasics Swivel Office Chair with Medium Back and Armrest, Mesh Back, Black
Category: Home & Garden/Home & Kitchen/Categories/Furniture/Home Office Furniture/Chairs & Stools/Desk Chairs
Product type: HOME_FURNITURE_AND_DECOR
Brand: AmazonBasics
Dimensions (H x W x L): 88.011 x 66.4972 x 69.0118 centimeters
Features: Comfortable office chair with contoured mesh back for easy breathability; Pneumatic seat height adjustment; padded seat for comfort; Maximum weight capacity: 125 kg.; Double wheels and user manual with assembly instructions included; Equipped with pressure wheels for safety reasons in accordance with EU regulations, which do not allow the chair to move when nobody is wearing it.; Dimensions: 64 cm deep, 60.9 cm wide and 90.4 cm to 102.3 cm high.",data/raw/images/small/42/42f0d7b1.jpg
q014,B081HWKWN6|amazon.co.uk,2,exact match,,data/raw/images/small/11/11b87755.jpg,"Title: UMI. by Amazon - Ergonomic office chair, Swivelling Mesh Computer Chair with Adjustable Lumbar Support and PU Armrests, Breathable Mesh Back and Padded Seat, 150 kg Max Load
Category: Home & Garden/Home & Kitchen/Categories/Furniture/Home Office Furniture/Chairs & Stools/Desk Chairs
Product type: ACCESSORY_OR_PART_OR_SUPPLY
Brand: UMI
Color: Black
Material: Alloy Steel
Dimensions (H x W x L): 130.5 x 63 x 69 centimeters
Features: 【CLASSIC BACKREST】The classic outer frame is made of eco-friendly PA materials, which is sturdy and durable to ensure your safety. The design of a slight S-shaped backrest combines the rear adjustable lumbar pillow, which fits to protect your cervical spine and lumbar spine, reduces back pain. When you feel tired from work or study, you can easily lock the three angles of 102-110-130 by adjusting the backrest level to release physical and mental pressure.; 【BREATHABLE & COMFORTABLE】The backrest and headrest are made of high-quality breathable polyester mesh to keep you cool and comfortable. High-density foam-filled seat cushion resists deformation to provide support that lasts all day long.; 【FREE ADJUSTMENT】Adjustable headrest and armrests show the flexibility of the ergonomic office chairs, you can adjust the height of the headrest and armrests according to your needs, finding the best position to perfectly support your neck, cervical spine, shoulders and arms to get the maximum relaxation. By adjusting the seat height to meet your work and daily needs.; 【SAFE & RELIABLE】The four-stage steel gas spring and heavy-duty nylon legs with max. load of 150 kg, certified by BIFMA and SGS. The thickened explosion-proof steel chassis is hard-wearing, all the details make this desk office chair use longer. The quiet chair wheel wrapped by PU can smoothly rotate 360° and is suitable for almost all floors.; 【PREMIUM SERVICE】This executive office chair has a 3-year warranty. If you have any quality problems, please contact us immediately, we wil",data/raw/images/small/ea/eac17d40.jpg
q014,B081HX9SRM|amazon.co.uk,2,exact match,,data/raw/images/small/11/11b87755.jpg,"Title: UMI. by Amazon - Ergonomic office chair, Breathable High-Back Mesh Desk Chair with Adjustable Lumbar Support, 3D Armrests, Tilt Function and 360° Rotating Wheels
Category: Home & Garden/Home & Kitchen/Categories/Furniture/Home Office Furniture/Chairs & Stools/Desk Chairs
Product type: ACCESSORY_OR_PART_OR_SUPPLY
Brand: UMI
Color: Black
Material: Alloy Steel
Dimensions (H x W x L): 120 x 61 x 70 centimeters
Features: 【ERGONOMIC DESIGN】The S-type backrest designed by imitating the human spine curve, which effectively supports the back and relieves pressure. The headrest with a 43cm wide cambered surface can fully support the cervical spine, correct for health, release brain fatigue, and inspire new inspiration, allowing you to fully enjoy sitting while working or resting.; 【BREATHABLE MESH FABRIC】This mesh office chair is made of high-quality special mesh fabric, featuring breathable, comfortable and durable, which can circulate the back air and keep cool, so you won't afraid at all of the summer sultry. The concave waterfall cushion can effectively reduce the pressure on the hips and legs. This desk chair is worth purchasing one for yourself, if you need to sit on the office chair for a long time.; 【MULTIFUNCTIONAL ADJUSTMENT】This ergonomic office chair equipped with 3D armrests, which can be adjusted front, back, left and right. The PU material of armrests with a delicate touch relax arms and shoulders, which can effectively prevent carpal tunnel problems; adjustable height waist pillow provides more powerful support for the lumbar; the multifunctional mechanism with adjustable tres levels include locking back adjustment, lifting and tilt tension to meet different needs.; 【SOLID FOUNDATION】Mechanical steel multi-function mechanism made with high technology standards; BIFMA certified four-stage gas spring; 350 aluminum alloy chair legs tested to 1136 kg static pressure; ssmooth, quiet, and scratch-free nylon wheels suitable for hard floors, carpets; all parts",data/raw/images/small/85/8552ae1a.jpg
q014,B083739MDS|amazon.com,1,no backs and armrests,,data/raw/images/small/11/11b87755.jpg,"Title: AmazonBasics Pneumatic Shop Stool, Garage Seat with 300 lb Capacity - Black (Renewed)
Category: Office Furniture & Lighting/Chairs & Sofas/Step Stools
Product type: AUTO_ACCESSORY
Brand: AmazonBasics
Color: black
Material: vinyl
Dimensions (H x W x L): 14.37 x 14.96 x 14.96 inches
Features: Shop stool/garage seat (black) provides a comfortable place to sit when working on a vehicle or other project; Smooth, durable vinyl seat for added comfort; 300-pound weight capacity; Smooth-rolling 360-degree swivel caster wheels for easily moving around a work space; Integrated tool tray for keeping tools and parts neatly contained and easy to access; Measures 15 by 15 by 14.4 inches; backed by an AmazonBasics 1-year limited warranty",data/raw/images/small/85/85a34a7e.jpg
q014,B08568HG2X|amazon.com,2,exact match,,data/raw/images/small/11/11b87755.jpg,"Title: Amazon Brand – Rivet Decatur Modern Faux Leather Kitchen Counter-Height Stool, 37""H, Black
Category: Furniture/Game & Recreation Room Furniture/Home Bar Furniture/Barstools
Product type: STOOL_SEATING
Brand: Rivet
Color: Black
Dimensions (H x W x L): 37.01 x 22.05 x 18.11 inches
Features: This beautiful modern counter-height barstool features a bold squared-off design for both the seat and legs. The metal frame, supported by an H-spreader bar encompasses a plush, backed, armless seat upholstered in durable faux leather.; Overall: 22""D x 18""W x 37""H. Seat height: 26""; Solid wooden frame and black metal legs combine for maximum style and support; Avoid moisture. Wipes clean with soft, dry cloth.; Arrives fully assembled.; Free returns for 30 days. 1-year warranty",data/raw/images/small/90/90362fc5.jpg
q015,B0742DNY41|amazon.sg,2,exact match,,data/raw/images/small/43/4334330e.jpg,"Title: Rivet Marble and Brass Floor Lamp, Avery, 63""H, With Bulb
Category: Lighting Fixtures/Indoor Lighting/Lamps/Floor Lamps & Torchieres
Product type: LAMP
Brand: Rivet
Color: Antique Brass
Material: Metal+Marble
Style: Floor Lamp
Dimensions (H x W x L): 63 x 7 x 26 inches
Features: An artful combination of style and function, this adjustable LED lamp is a perfect addition to any home office or living space. The acrylic lense diffuses light while the rotary dimmer switch allows you to dial in the desired brightness.; Modern style that blends with most décor; Brushed antique brass finish, acrylic head, marble base; Balanced and sleek floor lamp ready to go among furniture or in a dark corner; 7""Wx26""Dx63""H; Easy assembly in 15-30 minutes",data/raw/images/small/55/552c9245.jpg
q015,B075X2YJHZ|amazon.com,1,color mismatch,,data/raw/images/small/43/4334330e.jpg,"Title: Amazon Brand – Stone & Beam Vintage Industrial Spotlight Tripod Floor Lamp With LED Light Bulb - 25.5 x 25.5 x 60 Inches, Black
Category: Lighting & Ceiling Fans/Lamps & Shades/Floor Lamps
Product type: LAMP
Brand: Stone & Beam
Color: Black
Material: Metal
Dimensions (H x W x L): 60 x 25.5 x 25.5 inches
Features: Indulge your inner Hollywood director with a show-stopping floor lamp. The spotlight adjusts up and down and side to side, while a glass lens diffuses the light. This one piece combines vintage, modern, industrial and glam for a true style statement.; 25.5""W x 25.5""D x 60""H; Black metal hardware and tripod; glass diffuser; A bold style piece for a transitional, modern or industrial room; LED bulb included; Easy assembly; Intended for indoor use only",data/raw/images/small/6b/6bcc53d0.jpg
q015,B075X3S2Z6|amazon.ca,1,color mismatch,,data/raw/images/small/43/4334330e.jpg,"Title: Rivet Retro Two-Orb Tree Lamp with Bulbs, 65"" H, White and Brass
Category: Lighting & Ceiling Fans/Lamps, Bases & Shades/Floor Lamps
Product type: CONSUMER_ELECTRONICS
Brand: Rivet
Color: Brass/White
Material: Metal+Glass
Style: Modern/Retro
Dimensions (H x W x L): 65 x 10 x 15.6 inches
Features: Two milky white glass orbs extend from a brass pole in this cleverly designed retro tree lamp. This piece brings warm ambient light along with a strong style statement to any room with modern or mid-century-influenced decor.; 15.6""W x 10"" D x 65"" H; A sturdy steel pole with brass finish; glass orbs; A statement piece that will add ambient light to a modern or mid-century style room; LED bulbs included; Easy assembly; Intended for indoor use only",data/raw/images/small/46/46108133.jpg
q015,B07B4SCBPS|amazon.in,0,not tall,,data/raw/images/small/43/4334330e.jpg,"Title: Rivet Mid-Century Modern Task Lamp, 21""H, with Bulb, Matte White
Category: Indoor Lighting/Lamps, Bases & Shades/Floor Lamps
Product type: LAMP
Brand: Rivet
Color: Matte White
Material: Metal
Dimensions (H x W x L): 21 x 6.5 x 12.5 inches
Features: 1 year limited warranty; Make sure this fits by entering your model number.; The metal arm of this task lamp adjusts at the middle joint, allowing you to point light in multiple directions; 6.5""W x 12.5""D x 21""H; Concrete base; metal arm and shade; On/off switch on the shade; Bulb included; Intended for indoor use only; A pointed metal cone shade is paired with a concrete base to bring modern and industrial touches to your space",data/raw/images/small/d1/d1105309.jpg
q015,B07DBCMTPB|amazon.com,2,exact match,,data/raw/images/small/43/4334330e.jpg,"Title: Amazon Brand – Ravenna Home Clear Ribbed Glass Cylinder Living Room Floor Lamp with LED Bulb - 64.25 Inches, Brushed Nickel
Category: Lighting & Ceiling Fans/Lamps & Shades/Floor Lamps
Product type: LAMP
Brand: Ravenna Home
Color: Brushed Nickel
Style: Floor Lamp
Dimensions (H x W x L): 19.13 x 19.75 x 18.13 inches
Features: This floor lamp will brighten your space with contemporary elegance; Cylinder base with brushed nickel trim; white fabric shade; LED bulb included; Dimensions: 15.00""W x 15.00""D x 64.25""H; Assemble in 15 minutes or less",data/raw/images/small/8a/8a5b0bcf.jpg
q015,B07PM7MNY3|amazon.ca,1,not a lamp,,data/raw/images/small/43/4334330e.jpg,"Title: AmazonBasics Stand-up Button Paper Towel Holder - 13 Inch, Chrome
Category: Kitchen & Dining/Kitchen Storage & Organization/Racks & Holders/Paper Towel Holders
Product type: PAPER_TOWEL_HOLDER
Brand: AmazonBasics
Color: Chrome
Style: Chrome
Dimensions (H x W x L): 9.3 x 9.4 x 13.1 inches
Features: Metal paper towel holder for countertop use in kitchens, bathrooms, workspaces, and more; Decorative finial on top for aesthetic and easy portability; Easy to load and use; slip roll over the top for immediate access; Weighted, padded base protects countertops and prevents slipping; Sleek finish adds a modern look that fits in easily with existing decor and appliances",data/raw/images/small/98/98ec9ae9.jpg
q015,B07PRLMQFV|amazon.ca,1,not a lamp,,data/raw/images/small/43/4334330e.jpg,"Title: AmazonBasics Stand-up Round Paper Towel Holder - 13 Inch, Chrome
Category: Kitchen & Dining/Kitchen Storage & Organization/Racks & Holders/Paper Towel Holders
Product type: PAPER_TOWEL_HOLDER
Brand: AmazonBasics
Color: Chrome
Style: Chrome
Dimensions (H x W x L): 8.543 x 8.898 x 13.898 inches
Features: Metal paper towel holder for countertop use in kitchens, bathrooms, workspaces, and more; Decorative finial on top for aesthetic and easy portability; Easy to load and use; slip roll over the top for immediate access; Weighted, padded base protects countertops and prevents slipping; Sleek finish adds a modern look that fits in easily with existing decor and appliances",data/raw/images/small/8a/8ab8f60f.jpg
q015,B07QD5SXJH|amazon.in,1,color mismatch,,data/raw/images/small/43/4334330e.jpg,"Title: Rivet Modern Arc Floor Lamp with Bulb and Fabric Shade, 69""H, Antique Brass
Category: Indoor Lighting/Lamp Shades
Product type: LAMP
Brand: Rivet
Color: Brass
Material: Fabric
Dimensions (H x W x L): 69 x 16 x 36 inches
Features: You'll get direct light right where you need it with this antique brass arc floor lamp. With an adjustable shade made from a linen-like fabric, its simple, contemporary style is perfect for a reading area.; 16""W x 36""D x 69""H; Metal body, white fabric shade; Ideal for anywhere in need of direct, overhead light; Assemble in 15-30 minutes; Indoor use only",data/raw/images/small/14/143e0106.jpg
q015,B0824F3KVZ|amazon.com,1,not tall and thin,,data/raw/images/small/43/4334330e.jpg,"Title: Amazon Brand – Ravenna Home Contemporary Metal Table Lamp with Acrylic Accents, LED Bulb Included, 19.5""H, White
Category: Lighting & Ceiling Fans/Lamps & Shades/Table Lamps
Product type: LAMP
Brand: Ravenna Home
Color: White
Material: Metal
Style: Table
Dimensions (H x W x L): 19.5 x 8.5 x 8.5 inches
Features: 8.5""W x 8.5""D x 19.5""H; White linen drum shade, white metal base, clear acrylic accents; A simple, strong design is updated with whimsical clear acrylic accents placed at intervals on the stem.; Uses 1 60-watt incandescent or LED-equivalent bulb. An energy-efficient 9-watt warm-white LED bulb is included.; Assemble in 15 minutes or less",data/raw/images/small/06/0644012a.jpg
q015,B0825D87LB|amazon.com,1,not tall and thin,,data/raw/images/small/43/4334330e.jpg,"Title: Amazon Brand – Stone & Beam Contemporary Glass Table Lamp with Narrow-Necked Body, LED Bulb Included, 20.25""H, Clear
Category: Lighting & Ceiling Fans/Lamps & Shades/Table Lamps
Product type: LAMP
Brand: Stone & Beam
Color: Clear
Material: Glass
Dimensions (H x W x L): 20.25 x 11 x 11 inches
Features: The unique shape, featuring a narrow neck that flares into a wide bottom, will make this table lamp a statement piece anywhere. Clear glass construction and brushed nickel accents give a classic feel to this contemporary piece that allow it to fit with the decor anywhere you need light.; 11""W x 11""D x 20.25""H; Glass body, brushed nickel, white linen drum shade; Stunning curved glass makes a statement wherever it is placed, making this lamp both a key to your decor and a useful way to bring light anywhere.; Uses 1 60-watt incandescent or LED-equivalent bulb. An energy-efficient 9-watt warm-white LED bulb is included.",data/raw/images/small/99/9913f3e9.jpg
q016,B000KBLN96|amazon.com,1,"not black, for dining","similar style, but in black and not for dining",data/raw/images/small/3e/3ed459ef.jpg,"Title: Strathwood 6-Foot Olefin Market Umbrella, Hunter
Category: Patio Furniture & Accessories/Umbrellas & Shade/Umbrellas
Product type: OUTDOOR_LIVING
Brand: Strathwood by Amazon.com
Color: Hunter
Features: All-weather market umbrella is impervious to the elements; Sturdy construction includes interlocking pole and 8 hardwood ribs. Does not include stand.; Umbrella top made of 100-percent solution-dyed olefin woven fabric; Assembly required; spot clean, line dry; Umbrella measures 7.3 feet high and 6 feet wide when open; pole measures 1-3/8 inches in diameter",data/raw/images/small/ac/ace9c713.jpg
q016,B008U4QI18|amazon.com,1,"not black, for dining","similar style, but in black and not for dining",data/raw/images/small/3e/3ed459ef.jpg,"Title: Strathwood Rhodes Market Umbrella
Category: Patio Furniture & Accessories/Umbrellas & Shade/Umbrellas
Product type: OUTDOOR_LIVING
Brand: Strathwood by Amazon.com
Color: Black
Material: Aluminum
Dimensions (H x W x L): 100 x 107.1 x 107.1 inches
Features: 8-foot-tall market umbrella expands to 9 feet wide when open, offering protection from sun; Polyester fabric resists rain, UV deterioration, and mildew; metal pole and ribs; Minor assembly required; imported; stand sold separately; Crank handle for raising and lowering; articulating top for angled shading; Measures 107.1 inches in diameter by 100 inches high",data/raw/images/small/41/41fcf684.jpg
q016,B00GBVDYRS|amazon.com,1,"not black, for dining","similar style, but in black and not for dining",data/raw/images/small/3e/3ed459ef.jpg,"Title: Strathwood Whidbey Cast-Aluminum 8 ft. Market Umbrella
Category: Patio Furniture & Accessories/Umbrellas & Shade/Umbrellas
Product type: OUTDOOR_LIVING
Brand: Strathwood by Amazon.com
Material: polyester
Dimensions (H x W x L): 91.34 x 0.02 x 103.54 inches
Features: 8-foot market umbrella fits most 2-inch table holes or stands alone in base (not included); Cast-aluminum pole; 8 steel ribs for added strength; Polyester fabric resists UV wear and mildew; crank handle and pulley rope for raising/lowering; Coordinates with Whidbey dining collection (sold separately); Measures 103.54 inches in diameter by 91.3 inches high; Rust Free Aluminum Frame; Polyester Canopy; Durable Powder Coating",data/raw/images/small/c2/c2c2b93f.jpg
q016,B07BK3R536|amazon.com,1,"not black, for dining","similar style, but in black and not for dining",data/raw/images/small/3e/3ed459ef.jpg,"Title: AmazonBasics JC011, White Patio Umbrella-9-Foot
Category: Patio Furniture & Accessories/Umbrellas & Shade/Umbrellas
Product type: UMBRELLA
Brand: AmazonBasics
Color: White
Material: polyester
Style: Patio Umbrella
Dimensions (H x W x L): 92.4 x 99.6 x 99.6 inches
Features: 9-foot market umbrella provides protection from the sun—great for a patio, backyard, or poolside area; Strong polyester canopy in striped Grey and White; air vent helps deter wind gusts from lifting or tipping the umbrella over; Lightweight yet durable aluminum stand pole; turning hand crank allows for easy opening and closing; 3-position tilt helps create shade throughout the day; stabilizing base not included; Measures 100.8 by 110.2 by 100.8 inches; weighs only 7.7 pounds; backed by an AmazonBasics 1-year limited warranty",data/raw/images/small/cb/cb107d07.jpg
q016,B07BK4P5PX|amazon.co.uk,1,"not black, for dining","similar style, but in black and not for dining",data/raw/images/small/3e/3ed459ef.jpg,"Title: AmazonBasics Outdoor Patio Umbrella, 2.74 Meters, Striped Dark Blue and White
Category: Home & Garden/Garden & Outdoors/Categories/Garden Furniture & Accessories/Parasols, Canopies & Shade/Parasols
Product type: UMBRELLA
Brand: AmazonBasics
Color: Striped Dark Blue/White
Material: Polyester
Dimensions (H x W x L): 106.3 x 98.4 x 106.3 inches
Features: 2.74 Meters market umbrella provides protection from the sun—great for a patio, backyard, or poolside area; Strong polyester canopy in striped Grey and White; air vent helps deter wind gusts from lifting or tipping the umbrella over; Lightweight yet durable aluminum stand pole; turning hand crank allows for easy opening and closing; 3-position tilt helps create shade throughout the day; stabilizing base not included; Measures 2.56 by 2.80 by 2.56 meters; weighs only 3.50 Kilograms",data/raw/images/small/56/5645f793.jpg
q016,B07GDKJVTN|amazon.in,0,not an umbrella,"similar style, but in black and not for dining",data/raw/images/small/3e/3ed459ef.jpg,"Title: Amazon Brand - Solimo Oblique Silicone Ice Mould, Black
Category: Kitchen & Dining/Bakeware/Bakeware Moulds & Tins/Candy & Chocolate Moulds
Product type: FOOD_PREPARATION_MOLD
Brand: Amazon Brand - Solimo
Color: Black
Material: Silicone
Style: Oblique
Dimensions (H x W x L): 11 x 110 x 200 millimeters
Features: Non-stick moulds with easy ice removal; Made from 100-Percent Food grade silicone; Color: Black, Material: Silicone; Package Contents: 1-Piece Ice Mould",data/raw/images/small/ea/ea37c787.jpg
q016,B07GF762PX|amazon.in,0,not an umbrella,"similar style, but in black and not for dining",data/raw/images/small/3e/3ed459ef.jpg,"Title: Amazon Brand - Solimo 24 Cavity Silicone Ice Mould, Black
Category: Kitchen & Dining/Bakeware/Bakeware Moulds & Tins/Candy & Chocolate Moulds
Product type: FOOD_PREPARATION_MOLD
Brand: Amazon Brand - Solimo
Color: Black
Material: Silicone
Style: 24 Cavity
Dimensions (H x W x L): 20 x 215 x 335 millimeters
Features: Non-stick moulds with easy ice removal; Made from 100-Percent Food grade silicone; Color: Black, Material: Silicone; Package Contents: 1-Piece Ice Mould",data/raw/images/small/7d/7d5980a7.jpg
q016,B07GF8JTHD|amazon.in,0,not an umbrella,"similar style, but in black and not for dining",data/raw/images/small/3e/3ed459ef.jpg,"Title: Amazon Brand - Solimo 15 Cavity Silicone Ice Tray, Black
Category: Kitchen & Dining/Bakeware/Bakeware Moulds & Tins/Candy & Chocolate Moulds
Product type: FOOD_PREPARATION_MOLD
Brand: Amazon Brand - Solimo
Color: Black
Material: Silicone
Style: 15 Cavity
Dimensions (H x W x L): 180 x 38 x 115 millimeters
Features: Made from premium quality food-grade Silicone material; BPA free ice mould; 15 cavities with a depth of 3.8 cm for ice making; Flexible, non-stick mould that can be twisted easily to help the ice to fall off effortlessly; Freezer safe and easy to clean by hand or dishwasher; Ideal for making ice, small sized ice candies/popsicles, jelly, or chocolate; Size: 18 cm x 11.5 cm x 3.8 cm; Country of Origin: China",data/raw/images/small/79/79422bd8.jpg
q016,B07M5M66HT|amazon.com,0,not an umbrella,"similar style, but in black and not for dining",data/raw/images/small/3e/3ed459ef.jpg,"Title: AmazonBasics Lattice Cage Finial with 1"" Double Curtain Rod - 36-72"", Black
Category: Home Décor/Window Treatment Hardware/Finials
Product type: HOME_BED_AND_BATH
Brand: AmazonBasics
Color: Black
Style: Double Rod - 36-72""
Features: Decorative curtain rod finials for windows in your living room, dining room, bedroom, and more; Caps off each end of your curtain rod for an impactful, stylized design flourish; Easy to install without need for tools; Compatible with AmazonBasics 1 inch curtain rods; Lattice cage design with black finish",data/raw/images/small/e3/e3f10697.jpg
q016,B07PZ7RXHD|amazon.ca,0,not an umbrella,"similar style, but in black and not for dining",data/raw/images/small/3e/3ed459ef.jpg,"Title: AmazonBasics Anti-Fatigue Mat Single-Layer Foam Ribbed 3/8"", 3x5 Black
Category: Kitchen & Dining
Product type: JANITORIAL_SUPPLY
Brand: AmazonBasics
Color: Black
Style: 3/8 "" - Thick
Dimensions (H x W x L): 0.375 x 36 x 60 inches",data/raw/images/small/ac/aca292a1.jpg
q016,B07Q2FQL52|amazon.ca,0,not an umbrella,"similar style, but in black and not for dining",data/raw/images/small/3e/3ed459ef.jpg,"Title: AmazonBasics Cut-Pile Polypropylene Commercial Carpet Vinyl-Backed Mat 4x6 Red/Black
Category: Kitchen & Dining
Product type: JANITORIAL_SUPPLY
Brand: AmazonBasics
Color: Red/Black
Style: 3/8 "" - Thick
Dimensions (H x W x L): 0.375 x 48 x 72 inches",data/raw/images/small/94/94f93deb.jpg
q016,B07RKKNX2G|amazon.com,0,not an umbrella,"similar style, but in black and not for dining",data/raw/images/small/3e/3ed459ef.jpg,"Title: AmazonBasics Multi-Speed Stand Mixer with Attachments, Black
Category: Kitchen & Dining/Small Appliances/Mixers/Stand Mixers
Product type: FOOD_MIXER
Brand: AmazonBasics
Color: Black
Material: Stainless Steel
Dimensions (H x W x L): 8.9 x 12.76 x 15.43 inches
Features: Color: Black; Product Dimension: 15.43"" x 12.76"" x 8.9""; Country of Origin: China; Item Weight: 10.14 lb",data/raw/images/small/a7/a726b787.jpg
q016,B07SGQ2W3J|amazon.co.uk,0,not an umbrella,"similar style, but in black and not for dining",data/raw/images/small/3e/3ed459ef.jpg,"Title: AmazonBasics 10 Gallon Commercial Waste Basket, Black, 4-Pack (Renewed)
Category: Home & Garden/Home & Kitchen/Categories/Cooking & Dining
Product type: TRASH_CAN
Brand: AmazonBasics
Color: Black
Material: Plastic
Style: 10 Gallon
Dimensions (H x W x L): 20.5 x 11 x 15.5 inches
Features: 10-gallon waste basket (4-pack); Black color; ideal for any home, workspace, or facility; Made of durable plastic with a rolled rim for added strength; Rectangular-shaped, space-efficient profile with a small footprint; Easy to clean; available in a variety of colors and sizes (each sold separately); Backed by an AmazonBasics 1-year limited warranty",data/raw/images/small/d0/d0eb3c97.jpg
q016,B07SVJB925|amazon.co.uk,0,not an umbrella,"similar style, but in black and not for dining",data/raw/images/small/3e/3ed459ef.jpg,"Title: AmazonBasics 3 Gallon Commercial Waste Basket, Black, 4-Pack (Renewed)
Category: Home & Garden/Home & Kitchen/Categories/Cooking & Dining
Product type: TRASH_CAN
Brand: AmazonBasics
Color: Black
Material: Plastic
Style: 3 Gallon
Dimensions (H x W x L): 12.125 x 8.3125 x 11.75 inches
Features: 3-gallon waste basket (4-pack); Black color; ideal for any home, workspace, or facility; Made of durable plastic with a rolled rim for added strength; Rectangular-shaped, space-efficient profile with a small footprint; Easy to clean; available in a variety of colors and sizes (each sold separately); Backed by an AmazonBasics 1-year limited warranty",data/raw/images/small/6a/6a4c6691.jpg
q016,B07T6NNKJ4|amazon.ca,0,not an umbrella,"similar style, but in black and not for dining",data/raw/images/small/3e/3ed459ef.jpg,"Title: AmazonBasics Electric Can Opener, Black
Category: Kitchen & Dining/Small Appliances/Electric Can Openers
Product type: CAN_OPENER
Brand: AmazonBasics
Color: Black
Material: Stainless Steel
Dimensions (H x W x L): 8.04 x 4.35 x 4.4 inches
Features: Electric can opener for opening standard-sized cans; Powerful stainless steel blade smoothly and safely opens cans with no snagging; Automatic stop, on/off, and release/locking mechanisms; Wide, non-slip base keeps the opener in place on your countertop; Magnetic lid holder prevents lid from dropping into the can; Modern, compact design with durable plastic housing",data/raw/images/small/e0/e0fc4cdc.jpg
q016,B07VLZV1PD|amazon.ca,0,not an umbrella,"similar style, but in black and not for dining",data/raw/images/small/3e/3ed459ef.jpg,"Title: AmazonBasics 1 Compartment Meal Prep Container Bowls - BPA Free, Microwave/Dishwasher/Freezer Safe, 42 Ounces, 15-Pack
Category: Kitchen & Dining/Kitchen Storage & Organization/Food Storage/Food Carriers/Bento Boxes
Product type: MEAL_HOLDER
Brand: AmazonBasics Licensing
Color: black
Style: 1 Compartment
Dimensions (H x W x L): 7.28 x 9.84 x 7.28 inches
Features: Set of 15 reusable meal prep container bowls with lids and 1 compartment each; 42 ounce capacity; Ideal for school or work lunches, meal planning, storing leftovers, and more; Stackable design offers easy, space-saving storage; Microwave, freezer, and dishwasher safe; Made of durable, BPA-free polypropylene",data/raw/images/small/7c/7c66be5d.jpg
q016,B07XZK5XB9|amazon.ca,1,"not black, for dining","similar style, but in black and not for dining",data/raw/images/small/3e/3ed459ef.jpg,"Title: AmazonBasics Adjustable Patio Hanging Umbrella with Cantilever and Steel Frame - 10 Foot, Taupe Brown
Category: Patio Furniture & Accessories/Umbrellas, Canopies & Shade/Umbrellas
Product type: UMBRELLA
Brand: AmazonBasics
Color: Taupe Brown
Dimensions (H x W x L): 100.79 x 114.57 x 122 inches
Features: 10 foot hanging patio umbrella with 100% polyester shade; water resistant, UV resistant, and fade resistant for commercial and residential use; Umbrella easily opens and closes by a simple crank-lift mechanism; Powder-coated pole with steel bottom frame and 8 sturdy steel ribs construction for extra strength; 4-point cross base included for easy set up and strong support; must be used with an umbrella weight/base greater than or equal to 90lbs (sold separately); Easy assembly, search ""B07XZHTY5T"" for compatible base weights",data/raw/images/small/c2/c2731b9e.jpg
q016,B07XZKBMLS|amazon.in,1,"not black, for dining","similar style, but in black and not for dining",data/raw/images/small/3e/3ed459ef.jpg,"Title: AmazonBasics Adjustable Patio Hanging Umbrella with Cantilever and Steel Frame - 10 Foot, Beige
Category: Cameras & Photography/Accessories/Photo Studio & Lighting/Lighting/Diffusers, Filters & Reflectors/Umbrellas
Product type: UMBRELLA
Brand: AmazonBasics
Color: Beige
Dimensions (H x W x L): 100.79 x 114.57 x 122 inches",data/raw/images/small/3f/3f81bc6d.jpg
q016,B07Y5XQ2LS|amazon.in,0,not an umbrella,"similar style, but in black and not for dining",data/raw/images/small/3e/3ed459ef.jpg,"Title: AmazonBasics Heavy-Weight Plastic Cutlery Set, Black 1440-Pack (720 forks, 480 spoons, 240 knives)
Category: Kitchen & Dining/Tableware/Cutlery & Flatware
Product type: FLATWARE
Brand: AmazonBasics
Color: black
Material: Plastic
Style: cutlery
Dimensions (H x W x L): 11.22 x 12.8 x 15.94 inches",data/raw/images/small/91/9150fa75.jpg
q016,B07Y613GT3|amazon.co.uk,0,not an umbrella,"similar style, but in black and not for dining",data/raw/images/small/3e/3ed459ef.jpg,"Title: AmazonBasics Heavy-Weight Plastic Spoons, Black, 500-Pack
Category: Home & Garden/Home & Kitchen/Categories/Cooking & Dining/Tableware/Disposable Tableware/Spoons
Product type: FOOD_SERVICE_SUPPLY
Brand: AmazonBasics
Color: black
Material: Plastic
Style: cutlery
Dimensions (H x W x L): 5.91 x 4.72 x 11.22 inches
Features: Disposable plastic utensils for heavier or denser foods; Made of polypropylene; flexible and break resistant; Black color for easy coordinating with other black utensils and most tableware, surrounding decor, and party decorations; 500-piece set of spoons; Ideal for cafes, food trucks, parties, and other types of food service",data/raw/images/small/3b/3b229bb4.jpg
q016,B07Y613GT7|amazon.co.uk,0,not an umbrella,"similar style, but in black and not for dining",data/raw/images/small/3e/3ed459ef.jpg,"Title: AmazonBasics Heavy-Weight Plastic Spoons, Black, 250-Pack
Category: Home & Garden/Home & Kitchen/Categories/Cooking & Dining/Tableware/Disposable Tableware/Spoons
Product type: FOOD_SERVICE_SUPPLY
Brand: AmazonBasics
Color: black
Style: cutlery
Dimensions (H x W x L): 5.91 x 8.27 x 11.22 inches
Features: Disposable plastic utensils for heavier or denser foods; Made of polypropylene; flexible and break resistant; Black color for easy coordinating with other black utensils and most tableware, surrounding decor, and party decorations; 250-piece set of spoons; Ideal for cafes, food trucks, parties, and other types of food service",data/raw/images/small/de/dee93b56.jpg
q016,B07YG8QZ45|amazon.com.au,2,"for dining, but great match","similar style, but in black and not for dining",data/raw/images/small/3e/3ed459ef.jpg,"Title: AmazonBasics Oversize Outdoor Market Patio Umbrella with Base - 15 x 6.9 Feet, Burgundy Red
Category: Patio Furniture & Accessories/Umbrellas & Shade
Product type: UMBRELLA
Brand: AmazonBasics
Color: Burgundy Red
Dimensions (H x W x L): 90.55 x 82.68 x 181.1 inches
Features: AmazonBasics Oversize Outdoor Market Patio Umbrella with Base - 15 x 6.9 Feet, Burgundy Red; An Amazon Brand; Content coming soon",data/raw/images/small/ed/ed60b249.jpg
q016,B07YZT1DGN|amazon.com,1,"not black, for dining","similar style, but in black and not for dining",data/raw/images/small/3e/3ed459ef.jpg,"Title: AmazonBasics Outdoor Market Patio Steel Umbrella - 9 Foot, Taupe Brown
Category: Patio Furniture & Accessories/Umbrellas & Shade/Umbrellas
Product type: UMBRELLA
Brand: AmazonBasics
Color: Taupe Brown
Material: polyester
Style: Umbrella
Dimensions (H x W x L): 92.52 x 107.48 x 107.48 inches
Features: 9-foot-wide outdoor market umbrella creates instant shade—great for a patio, backyard, or poolside area; suitable for commercial and residential use; Strong, high-quality canopy made of water-resistant, UV-resistant, and fade-resistant 100% polyester fabric; choice of stylish color; Turning handle with crank-lift mechanism allows for easy opening and closing; 1.5-inch pole fits stabilizing umbrella weight or patio furniture base greater than or equal to 30lbs and a diameter greater than or equal to 17 inches (sold separately); Powder-coated rust-proof steel frame for durable strength; compact design with push-button coupling; simple assembly required; Measures 107.5 by 107.5 by 92.5 inches; backed by an AmazonBasics 1-year limited warranty",data/raw/images/small/a8/a8f71ed9.jpg
q016,B07YZV1Z5M|amazon.com,1,"not black, for dining","similar style, but in black and not for dining",data/raw/images/small/3e/3ed459ef.jpg,"Title: AmazonBasics Outdoor Market Patio Steel Umbrella - 9 Foot, White
Category: Patio Furniture & Accessories/Umbrellas & Shade/Umbrellas
Product type: UMBRELLA
Brand: AmazonBasics
Color: White
Material: polyester
Style: Umbrella
Dimensions (H x W x L): 92.52 x 107.48 x 107.48 inches
Features: 9-foot-wide outdoor market umbrella creates instant shade—great for a patio, backyard, or poolside area; suitable for commercial and residential use; Strong, high-quality canopy made of water-resistant, UV-resistant, and fade-resistant 100% polyester fabric; choice of stylish color; Turning handle with crank-lift mechanism allows for easy opening and closing; 1.5-inch pole fits stabilizing umbrella weight or patio furniture base greater than or equal to 30lbs and a diameter greater than or equal to 17 inches (sold separately); Powder-coated rust-proof steel frame for durable strength; compact design with push-button coupling; simple assembly required; Measures 107.5 by 107.5 by 92.5 inches; backed by an AmazonBasics 1-year limited warranty",data/raw/images/small/7f/7fd81ece.jpg
q016,B088Z2TS5K|amazon.ca,0,not an umbrella,"similar style, but in black and not for dining",data/raw/images/small/3e/3ed459ef.jpg,"Title: AmazonBasics 4-Slot Toaster, Black (Renewed)
Category: Kitchen & Dining/Small Appliances/Ovens & Toasters/Toasters
Product type: TOASTER
Brand: AmazonBasics
Color: Black
Dimensions (H x W x L): 7.8 x 12 x 11.8 inches
Features: 4-slot toaster for toasting bread, bagels, english muffins, and more; Toasts quickly and evenly for perfect results each time; 6 browning settings to choose from for your favorite level of toasting; Multifunctional controls for bagels, defrost mode, and quick-cancel; Removable crumb tray allows for quick, easy cleaning; Cord wrap keeps plug secure and out of the way between uses",data/raw/images/small/10/108a12ac.jpg
q017,B072635G66|amazon.com,1,for 2 people,"same shape but wooden, not metal",data/raw/images/small/63/63b92106.jpg,"Title: Amazon Brand – Rivet Emerly Modern Loveseat Sofa, 63""W, Ecru
Category: Furniture/Living Room Furniture/Sofas & Couches
Product type: SOFA
Brand: Rivet
Color: Ecru
Material: Velvet, Hardwood frame, Metal legs
Dimensions (H x W x L): 34 x 35 x 63 inches
Features: Hardwood frame with sturdy mortise-and-tenon joints, performance fabric, metal legs; Overall: 63""W x 35""D x 34""H; seat height: 19.5""H; seat depth: 28""D; seat back height: 27.5""H; arm height: 27.5""H; leg height: 6""H; Wood, 100% polyester fabric, foam, metal; Contemporary; Reversible cushions double the lifespan of this piece; Simple assembly. Just attach the legs.; Free returns for 30 days. 1-year warranty.",data/raw/images/small/e0/e025bdd8.jpg
q017,B072C8PZ2J|amazon.com,2,exact match,"same shape but wooden, not metal",data/raw/images/small/63/63b92106.jpg,"Title: Amazon Brand – Stone & Beam Bryant Modern Slipcover Accent Chair, 42""W, Storm Grey
Category: Home Décor/Slipcovers/Armchair Slipcovers
Product type: FURNITURE_COVER
Brand: Stone & Beam
Color: Storm Grey
Material: Hardwood Frame Covered In Blend Of Cotton, Linen, Viscose, Polyester
Dimensions (H x W x L): 34.6 x 39 x 41.7 inches
Features: Highly versatile, this chair will add a sleek modern appeal to any space in need of extra seating. A machine washable slipcover fits over the ultra-padded frame, making this piece just as comfortable as it is convenient.; 41.8""W x 39.1""D x 34.7""H; Hardwood frame covered in blend of cotton, linen, viscose, polyester; Modern with classic touches; Classic contemporary styling with straight lines and sturdy frame; No assembly required; Free returns for 30 days. 3-year warranty.",data/raw/images/small/7c/7c6b82fe.jpg
q017,B072PZJZXW|amazon.com,1,for 2 people,"same shape but wooden, not metal",data/raw/images/small/63/63b92106.jpg,"Title: Amazon Brand – Rivet Emerly Modern Loveseat Sofa, 63""W, Pewter
Category: Furniture/Living Room Furniture/Sofas & Couches
Product type: SOFA
Brand: Rivet
Color: Pewter
Material: Velvet, Hardwood frame, Metal legs
Dimensions (H x W x L): 34 x 35 x 63 inches
Features: Hardwood frame with sturdy mortise-and-tenon joints, performance fabric, metal legs; Overall: 63""W x 35""D x 34""H; seat height: 19.5""H; seat depth: 28""D; seat back height: 27.5""H; arm height: 27.5""H; leg height: 6""H; Wood, 100% polyester fabric, foam, metal; Contemporary; Reversible cushions double the lifespan of this piece; Simple assembly. Just attach the legs.; Free returns for 30 days. 1-year warranty.",data/raw/images/small/4c/4c731a69.jpg
q017,B075X4JJX4|amazon.com,1,"not wooden, for 2 people","same shape but wooden, not metal",data/raw/images/small/63/63b92106.jpg,"Title: Amazon Brand – Stone & Beam Westport Modern Nailhead Upholstered Loveseat Sofa Couch, 61.5""W, Neutral
Category: Furniture/Living Room Furniture/Sofas & Couches
Product type: SOFA
Brand: Stone & Beam
Color: Neutral
Material: stone
Style: Transitional
Dimensions (H x W x L): 33 x 61.5 x 37.75 inches
Features: Elevate your style with this head-turning modern loveseat. A long down-blend bench seat is combined with back cushions that are reversible. Nailhead trim on the arms and across the sides, along with the exposed wood base, adds extra sophistication.; 61.5""W x 37.75''D x 33''H; 60% cotton/40% linen fabric; metal nailhead trim; wood legs.; Removable, reversible back cushions. Corner clips keep bench seat firmly in place.; No assembly required. Vacuum or wipe with soft dry cloth.; Free returns for 30 days. 3-year warranty.",data/raw/images/small/a3/a324d67e.jpg
q017,B075X4VM6B|amazon.com,1,for multiple people,"same shape but wooden, not metal",data/raw/images/small/63/63b92106.jpg,"Title: Amazon Brand – Rivet Uptown Mid-Century Velvet Tufted Customizable Daybed Sofa, 78""W, Shadow & Black
Category: Furniture/Living Room Furniture/Sofas & Couches
Product type: SOFA
Brand: Rivet
Color: Shadow
Material: Solid wood frame; Velvet upholstery; Metal
Style: Transitional
Dimensions (H x W x L): 25 x 78 x 27 inches
Features: This item is made to order just for you; 78""W x 27""D x 25""H; Solid wood frame, soft velvet upholstery and blackened pewter metal finish; Highly versatile piece for extra seating in a living room or at the foot of a bed; Free returns for 30 days. 1-year warranty.; Elevate your style with a functional piece that can serve as a daybed and loveseat. A long tufted cushion, arms with side bolster pillows, and metal legs in three choices of finish make it perfect for the living room or at the foot of a bed.; Simple leg assembly. Wipe with a soft, dry cloth.",data/raw/images/small/f0/f0ec5209.jpg
q017,B075X4YDCR|amazon.com,2,"not wooden, but great visual match","same shape but wooden, not metal",data/raw/images/small/63/63b92106.jpg,"Title: Amazon Brand – Stone & Beam St. Cloud Modern Armless Accent Chair, 32""W, Bear
Category: Furniture/Living Room Furniture/Chairs
Product type: CHAIR
Brand: Stone & Beam
Color: Bear
Material: stone
Style: Transitional
Dimensions (H x W x L): 38 x 32 x 33 inches
Features: A straight back and sloping, low-profile arms are the highlights of this mid-century inspired chair. Assembled in the U.S., it features a sturdy wood frame upholstered with durable, tightly woven fabric for a handsome design that's built to last.; This item is made to order just for you; 32""W x 33""D x 38""H. Seat height is 19"".; Sturdy wood frame, durable polyester fabric, wood legs with walnut finish; A Mid-century inspired design that will add elegance to a modern or transitional room; Assemble in 15 minutes or less. Vacuum or wipe with a soft, dry cloth.; Free returns for 30 days. 3-year warranty.",data/raw/images/small/4d/4db3e4e0.jpg
q017,B075X5TN2K|amazon.com,1,"not wooden, but great visual match","same shape but wooden, not metal",data/raw/images/small/63/63b92106.jpg,"Title: Amazon Brand – Stone & Beam Marin Studded Chair, 33""W, Tan
Category: Furniture/Accent Furniture
Product type: HOME_FURNITURE_AND_DECOR
Brand: Stone & Beam
Color: Tan
Material: stone
Dimensions (H x W x L): 37 x 33 x 41 inches
Features: This item is made to order just for you; 33""W x 41""D x 37""H; Sturdy hardwood frame with durable performance fabric upholstery; Removable and reversible back and seat cushions add lasting style.; Assemble in 15 minutes or less. Vacuum or wipe with a dry cloth. Spot clean if needed.; Free returns for 30 days. 3-year warranty.; Clean lines accentuated by trim and nailhead detail will have this transitional chair turning heads. The loose back and plush seat cushion, and tapered wood legs, add to the sophisticated silhouette.",data/raw/images/small/e2/e2eb996f.jpg
q017,B075Z8629F|amazon.com,0,not a sofa,"same shape but wooden, not metal",data/raw/images/small/63/63b92106.jpg,"Title: Amazon Brand – Stone & Beam Larson Industrial Wood & Metal Nesting Side End Tables, 24""W, Set of 3, Walnut
Category: Furniture/Home Office Furniture/Home Office Desks
Product type: DESK
Brand: Stone & Beam
Color: Walnut + Metal
Material: Solid pine tops; metal frames
Style: Nesting Table Set
Dimensions (H x W x L): 24.25 x 24 x 16 inches
Features: These three nesting tables have a natural distressed finish, while the metal legs and trim have a darker brown matte finish. The clean lines and warm wood tones will make this set look at home in most any style room.; Solid pine tops and metal frames; Industrial and rustic touches allow this set of tables to blend with many styles.; Tops are distressed with a walnut finish; Easy assembly in 15-30 minutes. Wipe with soft dry cloth.; Free returns for 30 days. 3-year warranty.; 3 tables included: Small: 16""Wx 13.2""D x 18.25""H; Medium: 20""W x 14.75""D x 21.25""H; Large: 24""W x 16""D x 24.25""H",data/raw/images/small/71/71fc0850.jpg
q017,B075ZBW1RR|amazon.com,0,not a sofa,"same shape but wooden, not metal",data/raw/images/small/63/63b92106.jpg,"Title: Amazon Brand – Stone & Beam Larson Industrial Wood and Metal 2-Shelf Bookcase, 39""H, Walnut
Category: Furniture/Home Office Furniture/Bookcases
Product type: SHELF
Brand: Stone & Beam
Color: Walnut + Metal
Material: walnut
Style: 40"" Bookcase
Dimensions (H x W x L): 39.25 x 34 x 14 inches
Features: 34""L x 14""W x 39.25""H; Solid pine wood shelves and top; metal legs; Industrial and rustic touches allow this bookshelf to blend with many styles.; Two fixed distressed wood shelves with a walnut finish; Easy assembly in 15-30 minutes. Wipe with soft dry cloth.; Free returns for 30 days. 3-year warranty.; This bookcase has a natural distressed finish, while the metal legs and trim have a darker brown matte finish. With two fixed shelves to provide a display area to for books and photos, this bookshelf will make a simple statement in any room.",data/raw/images/small/d5/d581c685.jpg
q017,B078JM9XSJ|amazon.com,0,not a sofa,"same shape but wooden, not metal",data/raw/images/small/63/63b92106.jpg,"Title: Amazon Brand – Stone & Beam Modern Farmhouse Wood and Galvanized Metal Decor Storage Bin Basket - 15.75 Inch, White Washed
Category: Furniture/Accent Furniture/Storage Chests
Product type: STORAGE_BOX
Brand: Stone & Beam
Dimensions (H x W x L): 9.85 x 15.76 x 15.76 inches
Features: This clean, crisp storage bin will boost your style while concealing clutter or storing treasured items. With white-washed wood on the outside, galvanized metal on the inside and hemp ropes for handles, this piece will blend with most any décor.; 15.75""D x 15.75""W x 10""H; This bin looks attractive on a shelf, or out in full view as a catch-all for clutter; Fir wood, engineered wood, galvanized metal, hemp rope; For indoor use",data/raw/images/small/94/943130d5.jpg
q017,B0792JGRNS|amazon.ca,2,exact match,"same shape but wooden, not metal",data/raw/images/small/63/63b92106.jpg,"Title: Rivet Parks Mid-Century Modern Wingback Leather Chair
Category: Furniture/Living Room Furniture/Chairs
Product type: HOME_FURNITURE_AND_DECOR
Brand: Rivet",data/raw/images/small/87/87b5de32.jpg
q017,B07B4GSKS1|amazon.com,1,no backs,"same shape but wooden, not metal",data/raw/images/small/63/63b92106.jpg,"Title: Amazon Brand – Stone & Beam Andover Modern Square Ottoman, 33""W, Cream
Category: Furniture/Accent Furniture/Ottomans
Product type: OTTOMAN
Brand: Stone & Beam
Color: Cream
Dimensions (H x W x L): 36 x 24 x 36 inches
Features: Wooden legs, clean lines, and box-edge cushions bring stylish sophistication to modern or transitional rooms. With a sturdy frame and springy cushioning, this ottoman is ready to withstand years as a footrest or extra seating for guests.; 33""W x 33""D x 21""H; Seat Height: 21""H ; Seat Depth: 33""D; Seat Back Height: 21""H; Leg Height: 4.25""H; Stain-resistant polyester fabric on hardwood pine frame; The streamlined shape is a hallmark of modern design; Carefully crafted to ensure durability and years of use; Easy assembly in less than 15 minutes; just screw in legs; Free returns for 30 days. 1-year warranty.",data/raw/images/small/52/52a2f957.jpg
q017,B07B4MF6YH|amazon.com,1,no backs,"same shape but wooden, not metal",data/raw/images/small/63/63b92106.jpg,"Title: Amazon Brand – Stone & Beam Andover Modern Rectangle Ottoman, 32""W, Tan
Category: Furniture/Accent Furniture/Ottomans
Product type: OTTOMAN
Brand: Stone & Beam
Color: Tan
Dimensions (H x W x L): 28 x 24 x 35 inches
Features: Wooden legs, clean lines, and box-edge cushions bring stylish sophistication to modern or transitional rooms. With a sturdy frame and springy cushioning, this ottoman is ready to withstand years as a footrest or extra seating for guests.; 32""W x 25""D x 21""H; Seat Height: 21""H ; Seat Depth: 25""D; Seat Back Height: 21""H; Leg Height: 4.25""H; Stain-resistant polyester fabric on hardwood pine frame; The streamlined shape is a hallmark of modern design; Carefully crafted to ensure durability and years of use; Easy assembly in less than 15 minutes; just screw in legs; Free returns for 30 days. 3-year warranty.",data/raw/images/small/38/38db4e8a.jpg
q017,B07B4MS6SN|amazon.com,1,no backs,"same shape but wooden, not metal",data/raw/images/small/63/63b92106.jpg,"Title: Amazon Brand – Stone & Beam Andover Modern Square Ottoman, 33""W, Grey
Category: Furniture/Accent Furniture/Ottomans
Product type: OTTOMAN
Brand: Stone & Beam
Color: Grey
Dimensions (H x W x L): 36 x 24 x 36 inches
Features: Wooden legs, clean lines, and box-edge cushions bring stylish sophistication to modern or transitional rooms. With a sturdy frame and springy cushioning, this ottoman is ready to withstand years as a footrest or extra seating for guests.; 33""W x 33""D x 21""H; Seat Height: 21""H ; Seat Depth: 33""D; Seat Back Height: 21""H; Leg Height: 4.25""H; Stain-resistant polyester fabric on hardwood pine frame; The streamlined shape is a hallmark of modern design; Carefully crafted to ensure durability and years of use; Easy assembly in less than 15 minutes; just screw in legs; Free returns for 30 days. 1-year warranty.",data/raw/images/small/60/60ae5bd2.jpg
q017,B07B4MS6TR|amazon.com,1,no backs,"same shape but wooden, not metal",data/raw/images/small/63/63b92106.jpg,"Title: Amazon Brand – Stone & Beam Andover Modern Square Ottoman, 33""W, Linen
Category: Furniture/Accent Furniture/Ottomans
Product type: OTTOMAN
Brand: Stone & Beam
Color: Linen
Dimensions (H x W x L): 36 x 24 x 36 inches
Features: Wooden legs, clean lines, and box-edge cushions bring stylish sophistication to modern or transitional rooms. With a sturdy frame and springy cushioning, this ottoman is ready to withstand years as a footrest or extra seating for guests.; 33""W x 33""D x 21""H; Seat Height: 21""H ; Seat Depth: 33""D; Seat Back Height: 21""H; Leg Height: 4.25""H; Cotton/polyester blend fabric on hardwood pine frame; The streamlined shape is a hallmark of modern design; Carefully crafted to ensure durability and years of use; Easy assembly in less than 15 minutes; just screw in legs; Free returns for 30 days. 1-year warranty.",data/raw/images/small/39/39e2cb71.jpg
q017,B07B77VXN8|amazon.com,0,not a sofa,"same shape but wooden, not metal",data/raw/images/small/63/63b92106.jpg,"Title: Amazon Brand – Rivet Modern Wood Buffet Bar Cabinet Credenza with Gold Accents, 35 Inch Height, Brown
Category: Furniture/Kitchen & Dining Room Furniture/Buffets & Sideboards
Product type: CABINET
Brand: Rivet
Color: Brown
Material: Hardwoods/ Metal
Dimensions (H x W x L): 35.4 x 40.2 x 19.7 inches
Features: 40.2""W x 19.7""D x 35.4""H; Seat Height: 78.7""H; Fir and poplar hardwoods; metal legs with gold finish; An inspired retro piece that will turn heads in a modern or industrial setting; Can be used as a dining room buffet or as a storage cabinet in other areas; No assembly required; Free returns for 30 days. 1-year warranty.; This mid-century inspired buffet provides an artisan touch along with storage. Geometric wooden panels are rimmed with gold accents, while gold finished legs complete the look. Two slow-close doors conceal storage shelves.",data/raw/images/small/c6/c63a5e61.jpg
q017,B07DBF3V6X|amazon.com,2,exact match,"same shape but wooden, not metal",data/raw/images/small/63/63b92106.jpg,"Title: Amazon Brand – Ravenna Home Semple Button Tufted Nailhead Trim Accent Chair, 33""W, Linen
Category: Furniture/Living Room Furniture/Chairs
Product type: CHAIR
Brand: Ravenna Home
Color: Linen
Material: Linen
Style: Transitional
Dimensions (H x W x L): 34 x 33 x 35 inches
Features: Hardwood frame, plywood, web suspension seat support; linen-like polyester fabric; Mid-century inspired silhouette with sophisticated nailhead trim; Roomy and comfortable seat cushion; plastic gliders on legs prevent floor scratches; Less than 15 minutes assembly required; only attaching the legs; Free returns for 30 days. 1-year warranty.; 35""L x 33""W x 34""H",data/raw/images/small/57/577340eb.jpg
q017,B07HSKB7B4|amazon.com,2,exact match,"same shape but wooden, not metal",data/raw/images/small/63/63b92106.jpg,"Title: Amazon Brand – Stone & Beam Wickstrom Upholstered Dining Chair with Arms, 26""W, Slate Grey
Category: Furniture/Game & Recreation Room Furniture/Home Bar Furniture/Barstools
Product type: STOOL_SEATING
Brand: Stone & Beam
Color: Slate Gray
Dimensions (H x W x L): 39 x 22 x 25 inches
Features: A modern twist on the classic wingback dining chair, this beautiful piece is upholstered in versatile neutral fabric to highlight its plush, luxurious curves and cushions.; Overall: 27""D x 26""W x 37""H. Seat height: 20""; Solid wood frame and legs; Oversized seat cushion provides supreme comfort for all seating needs; Avoid moisture. Wipes clean with soft, dry cloth.; Free returns for 30 days. 3-year warranty",data/raw/images/small/31/31be481c.jpg
q017,B07HSKXDRL|amazon.com,1,not same legs shape,"same shape but wooden, not metal",data/raw/images/small/63/63b92106.jpg,"Title: Amazon Brand – Rivet Decatur Modern Kitchen Counter-Height Stool, 37""H, Chalk
Category: Furniture/Game & Recreation Room Furniture/Home Bar Furniture/Barstools
Product type: STOOL_SEATING
Brand: Rivet
Color: Chalk
Style: Counter Stool
Dimensions (H x W x L): 38 x 18 x 22 inches
Features: This beautiful modern counter barstool features a bold squared-off design for both the seat and legs. The metal frame, supported by an H-spreader bar, supports a plush, backed, armless seat covered in durable upholstery.; Overall: 22""D x 18""W x 37""H. Seat height: 26""; Solid wooden frame and black metal legs combine for maximum style and support; Avoid moisture. Wipes clean with soft, dry cloth.; Arrives fully assembled.; Free returns for 30 days. 1-year warranty",data/raw/images/small/df/df9824b2.jpg
q017,B07QBQBXTD|amazon.com,1,metal legs,"same shape but wooden, not metal",data/raw/images/small/63/63b92106.jpg,"Title: Amazon Brand – Stone & Beam Dining Chair with Deep Tufting, 42""H, Hemp
Category: Furniture/Kitchen & Dining Room Furniture/Chairs
Product type: CHAIR
Brand: Stone & Beam
Color: Hemp
Material: Brass
Dimensions (H x W x L): 42.13 x 25.98 x 23.23 inches
Features: Deep tufting creates texture and depth on this traditional dining chair. The brass nail design creates a contrast with hemp-colored upholstery. Upholstery fabric repels both water and stains, making the chair simple to care for. The chair is supported by a durable hardwood frame.; 23""W x 26""D x 42""H; seat height: 20""H; seat depth: 18""D; seat back height: 22""H; Solid hardwood frame with moisture-repellent, stain-resistant fabric made of 95% polyester, 5% nylon; Classic design, deep tufting, and brass nails; No assembly required; Avoid moisture. Wipe with a soft, dry cloth.; Free returns for 30 days. 3-year warranty.",data/raw/images/small/52/526ba396.jpg
q017,B082VMWB4G|amazon.com,2,exact match,"same shape but wooden, not metal",data/raw/images/small/63/63b92106.jpg,"Title: Amazon Brand – Rivet Jamie Upholstered Mid-Century Modern Low Arm Accent Chair, 31""W, Chalk
Category: Furniture/Living Room Furniture/Chairs
Product type: CHAIR
Brand: Rivet
Color: Chalk
Material: Polyester
Style: Mid-Century Modern
Dimensions (H x W x L): 35.04 x 32.28 x 31.1 inches
Features: A great addition to any room, this versatile accent chair is sure to be a conversation piece. It features eye catching Mid-century inspired design with distinctive slanted arms and sturdy hardwood legs.; 31""W x 32.3""D x 35”H; Solid hardwood frame with fabric blend of 70% Polyester, 20% Linen, 10% Cotton.; Highly fashionable design in a compact size for small spaces.; Free returns for 30 days. 1-year warranty.; Simple leg assembly. Wipe with a soft, dry cloth.",data/raw/images/small/4c/4c39fb52.jpg
q017,B0831X7B8V|amazon.com,2,exact match,"same shape but wooden, not metal",data/raw/images/small/63/63b92106.jpg,"Title: Amazon Brand – Stone & Beam Lyon Upholstered Chair-and-a-Half, 55""W, Steel
Category: Furniture/Living Room Furniture/Chairs
Product type: CHAIR
Brand: Stone & Beam
Color: Steel
Material: Polyester
Dimensions (H x W x L): 37 x 38 x 55 inches
Features: This sumptuous chair-and-a-half is the ultimate in roomy comfort. The steel-gray upholstery and modern design bring a distinctive flair to your living room or family room. Flared arms allow for maximum freedom of movement and the fully padded cushions provide long-lasting comfort.; 55""W x 38""D x 37""H; seat height: 21.5""H; seat depth: 23.5""D; seat back height: 30.5""H; arm height: 30.5""H; leg height: 6""H; Upholstered in 100% polyester fabric; fully padded solid wood frame with mortise and tenon construction; Removable and reversible seat cushions; sinuous spring support system with durable foam-padded cushions; Assemble in 15 minutes or less; Spills should be spot cleaned and rinsed with water.; Free returns for 30 days. 3-year warranty.; This item is made to order just for you.",data/raw/images/small/5a/5ab207df.jpg
q017,B084W339RK|amazon.com,1,not same legs shape,"same shape but wooden, not metal",data/raw/images/small/63/63b92106.jpg,"Title: Amazon Brand – Stone & Beam Vivianne Modern Upholstered Dining Chair with Casters, 24.4""W, Slate
Category: Furniture/Kitchen & Dining Room Furniture/Chairs
Product type: CHAIR
Brand: Stone & Beam
Color: Slate
Style: With Arms
Dimensions (H x W x L): 36.5 x 27.5 x 24.25 inches
Features: This beautiful modern chair will add a touch of class to your dining room. Comfortable and softly elegant, this slate-colored upholstered chair combines form and function. Reimagine your space with a contemporary flair, and enjoy a quiet dinner for two or fabulous seating for twelve!; 24.4""W x 27.6""D x 36.2""H; seat height: 20.9""H; seat depth: 17.3""D; seat back height: 33.1""H; arm height: 25.6""H; leg height: 2""H; Solid hardwood frame with moisture-repellent, stain-resistant fabric; These chairs have wheels, which makes them easy to move and comfortable to adjust.; Feather-filled cushions provide great comfort.; No assembly required; Avoid moisture. Wipe clean with a soft, dry cloth.; Free returns for 30 days. 3-year warranty.",data/raw/images/small/25/25e0ab24.jpg
q017,B084ZB8L8W|amazon.com,0,not a sofa,"same shape but wooden, not metal",data/raw/images/small/63/63b92106.jpg,"Title: Amazon Brand – Stone & Beam Rustic 3-Drawer Bedroom Dresser, 31.9""W, Oak Finish
Category: Furniture/Bedroom Furniture/Dressers
Product type: DRESSER
Brand: Stone & Beam
Color: Brown
Material: Medium-Density Fibreboard
Dimensions (H x W x L): 31.1024 x 16.9291 x 31.8898 inches
Features: This charming rustic dresser is the perfect addition to any bedroom, whether it's the master or guest room. The traditional sturdy design is complemented by the warm wood grain. Three drawers offer ample and handy bedside storage.; 31.89""W x 16.93""D x 31.1""H; Made of solid wood and manufactured wood in a rustic oak finish with metal accents.; This dresser has three drawers riding on wooden glides.; Assemble in 30 minutes-1 hour; Avoid moisture. Wipe clean with a soft, dry cloth.; Free returns for 30 days. 3-year warranty.",data/raw/images/small/5f/5fbae41e.jpg
q017,B0853L359H|amazon.com,1,not same legs shape,"same shape but wooden, not metal",data/raw/images/small/63/63b92106.jpg,"Title: Amazon Brand – Rivet Lundberg Contemporary Upholstered Barstool with Brass Legs, 44.5""H, Graphite
Category: Furniture/Game & Recreation Room Furniture/Home Bar Furniture/Barstools
Product type: STOOL_SEATING
Brand: Rivet
Color: Graphite
Dimensions (H x W x L): 44.25 x 22.5 x 18.25 inches
Features: Comfort and style meet in this contemporary barstool. Feather-filled cushions and open sides provide maximum comfort, while the graphite-colored upholstery and brass legs display a spare, contemporary style. These barstools coordinate well with any modern interior decor.; Solid wood frame; feather-filled upholstered cushions; brass base; Classic brass legs and footrest, plus the open sides, allow for maximum freedom of movement.; Feather-filled cushion provides comfort and a contemporary look at the same time. Classic brass metal base has a footrest for added stability.; No assembly required; Avoid moisture; wipe clean with a soft, dry cloth.; Free returns for 30 days. 1-year warranty; 18.1""W x 22.4""D x 44.5""H; seat height: 29.9""H; seat depth: 12.6""D; seat back height: 16.1""H; leg height: 26""H",data/raw/images/small/ff/ff973ed9.jpg
q017,B0869LMTKP|amazon.ca,0,not a sofa,"same shape but wooden, not metal",data/raw/images/small/63/63b92106.jpg,"Title: AmazonBasics Aurora Metal and Wood Platform Bed with Headboard - Wood Slat Support, King
Category: Furniture/Bedroom Furniture/Beds, Frames & Bases/Beds
Product type: BED
Brand: AmazonBasics
Color: Black & Espresso
Material: Metal
Style: Aurora
Dimensions (H x W x L): 37.2 x 76.14 x 81.5 inches
Features: King platform bed with frame, slats, footboard, and headboard included; Modern design with industrial metal frame and sophisticated wood accents; Durable wooden slats provide even support for mattress; Non-slip tape keeps mattress in place (mattress not included); Stress-free assembly with tools, hardware, and all components included; Does not require a box spring",data/raw/images/small/d2/d2fbefe0.jpg
q017,B086NG3DNM|amazon.com,0,not a sofa,"same shape but wooden, not metal",data/raw/images/small/63/63b92106.jpg,"Title: AmazonBasics Faux-Linen Button Tufted-Upholstered Bed with Curve Design - Strong Wood Slat Support - Easy Assembly - Beige, Twin
Category: Furniture/Bedroom Furniture/Beds, Frames & Bases/Beds
Product type: BED
Brand: AmazonBasics
Color: Beige
Material: Fabric
Style: Button Tufted Curved
Dimensions (H x W x L): 47.44 x 40.55 x 77.76 inches
Features: Twin platform bed frame and mattress foundation with headboard, sideboards, footboard, legs, and durable wooden slats (mattress not included); Faux linen fabric with button-tufted headboard detailing adds timeless sophistication to any bedroom; Headboard conveniently adjusts to fit any mattress height; Durable solid wood mattress foundation slats support up to 150 pounds each; No box spring required; mattress sits directly on top of slats. Bed material composition is 60% Upholstered, 30% plywood, 5% metal, 5% plastic; Quick, easy assembly with all components, tools, and hardware included",data/raw/images/small/72/72e7608a.jpg
q017,B086TGJFZK|amazon.com,0,not a sofa,"same shape but wooden, not metal",data/raw/images/small/63/63b92106.jpg,"Title: AmazonBasics Metal Bed with Modern Industrial Design Headboard - 14 Inch Height for Under-Bed Storage - Wood Slats - Easy Assemble, Full
Category: Furniture/Bedroom Furniture/Beds, Frames & Bases/Beds
Product type: BED
Brand: AmazonBasics
Color: Black
Material: Metal
Style: Modern
Dimensions (H x W x L): 14 x 54 x 76 inches
Features: Contemporary style: Full-size metal bed frame with modern headboard combines strength and sleek style for ultimate sleeping comfort; note: mattress not included; no box spring needed; Durable noise-free design: steel frame with 10 wood slats provides reliable support; non-slip tape on slats to keep mattress in place; plastic feet for floor protection; foam-padded tape and non-loosening screws prevent the metal frame from making noise; Adjustable-height headboard: easily raise or lower the headboard, using the intuitive hook-and-loop configuration, to accommodate different size mattresses and different user heights; Under-bed storage space: with a vertical clearance of 12 inches (from the floor to the bottom of the rail), the bed frame provides convenient out-of-the-way storage space; Weight capacity, easy assembly, and warranty: bed frame holds up to 500 pounds of combined weight (not including a mattress); assembles easily in a matter of minutes; screw kit and instructions included; backed by an AmazonBasics 5-year limited warranty",data/raw/images/small/3b/3be12664.jpg
q017,B08DWM1GZK|amazon.com,0,not a sofa,"same shape but wooden, not metal",data/raw/images/small/63/63b92106.jpg,"Title: AmazonBasics 55"" L-Shape Office Corner Desk - Natural
Category: Furniture/Home Office Furniture/Home Office Desks
Product type: DESK
Brand: AmazonBasics
Color: Natural
Material: Engineered Wood
Style: Modern
Dimensions (H x W x L): 30 x 55.1 x 55.1 inches
Features: L-shaped: fits nicely in a corner; same length on both sides for maximum space; can accommodate 2 or 3 monitors; Versatile: works well as an office desk, computer desk, writing or drawing desk, gaming desk, crafting space, and more; Cable cut-outs: the middle board provides cut-outs for running cables; Durable construction: made of 60% metal and 40% particle board for sturdy, reliable strength; Dims and warranty: measures 55.1 by 55.1 by 30 inches (simple assembly required); backed by an AmazonBasics 1-year limited warranty",data/raw/images/small/32/3243e9c4.jpg
q017,B08DWMY83P|amazon.com,0,not a sofa,"same shape but wooden, not metal",data/raw/images/small/63/63b92106.jpg,"Title: AmazonBasics 55"" L-Shape Office Corner Desk - Black
Category: Furniture/Home Office Furniture/Home Office Desks
Product type: DESK
Brand: AmazonBasics
Color: Black
Material: Engineered Wood
Style: Modern
Dimensions (H x W x L): 30 x 55.1 x 55.1 inches
Features: L-shaped: fits nicely in a corner; same length on both sides for maximum space; can accommodate 2 or 3 monitors; Versatile: works well as an office desk, computer desk, writing or drawing desk, gaming desk, crafting space, and more; Cable cut-outs: the middle board provides cut-outs for running cables; Durable construction: made of 60% metal and 40% particle board for sturdy, reliable strength; Dims and warranty: measures 55.1 by 55.1 by 30 inches (simple assembly required); backed by an AmazonBasics 1-year limited warranty",data/raw/images/small/32/3243e9c4.jpg
q018,B00GJTGCZI|amazon.com,2,exact match,"larger size of a similar item, not a small one",data/raw/images/small/a6/a65e6e2c.jpg,"Title: Strathwood 5-Piece Aluminum Sling Outdoor Furniture Set
Category: Patio Furniture & Accessories/Patio Furniture Sets
Product type: OUTDOOR_LIVING
Brand: Strathwood by Amazon.com
Material: Aluminum/Sling
Dimensions (H x W x L): 48 x 79.7 x 47.39 inches
Features: Outdoor furniture set includes 2 recliners, 2 ottomans, and 1 side table; Rust-free, powder-coated aluminum frames; weather-resistant, low-maintenance sling fabric; Adjustable-recline chair/chaise with curved arm rests; Square-shaped table with tempered-glass top; some assembly required; Each recliner measures 48 by 25.5 by 30.5 inches; each ottoman measures 26.77 by 22 by 13.5 inches; side table measures 18.5 by 18.5 by 18.3 inches",data/raw/images/small/3b/3b8b2bda.jpg
q018,B07CYT5K6P|amazon.com.au,0,not similar,"larger size of a similar item, not a small one",data/raw/images/small/a6/a65e6e2c.jpg,"Title: AmazonBasics Patio Highback Chair Cover, Grey
Category: Patio Furniture & Accessories/Patio Furniture Covers/Chairs
Product type: FURNITURE_COVER
Brand: AmazonBasics
Color: Grey
Dimensions (H x W x L): 35 x 35 x 28 inches
Features: High-back chair patio cover measures approximately 35 by 28 by 35 inches (LxWxH); 100% woven polyester fabric in stylish grey color; waterproof undercoating to prevent rain from seeping through; Protects against rain, snow, and other outdoor elements; Tough interlocking seams add strength and durability; Backed by an AmazonBasics 1-year limited warranty",data/raw/images/small/7e/7ea6187e.jpg
q018,B07HMPPZRN|amazon.com,1,"not much similar, not bigger","larger size of a similar item, not a small one",data/raw/images/small/a6/a65e6e2c.jpg,"Title: AmazonBasics Foldable Rocking Chair, Black
Category: Patio Furniture & Accessories/Patio Seating/Chairs/Rocking Chairs
Product type: CHAIR
Brand: AmazonBasics
Color: Black
Material: Steel
Style: Foldable Rocking Chair
Dimensions (H x W x L): 24.9 x 38.58 x 37.4 inches
Features: Folding rocking chair for porch, patio, or travel; Easily collapses down for storage or moving; Ergonomic nylon mesh seat with elastic cording supports your spine; Durable powder-coated steel frame with arm rests; Take on the road for travel, or use on your home porch or patio; Includes padded head rest for comfort",data/raw/images/small/bb/bb309800.jpg
q018,B07HSK2H7M|amazon.com,0,not a chair,"larger size of a similar item, not a small one",data/raw/images/small/a6/a65e6e2c.jpg,"Title: Amazon Brand – Rivet Modern Cylinder Stoneware Watering Can Vase Set - Pack of 2, Multicolor
Category: Home Décor/Vases
Product type: VASE
Brand: Rivet
Material: stoneware
Features: Accent your modern-style home décor with these beautiful stoneware vases. Perfect for holding cut flowers, these vases come in two sizes to fit different spaces, and their earthenware look blends well with many décor styles, include contemporary, farmhouse, and rustic.; Large vase: 5.75""L x 8""W x 9.5""H; small vase: 4.5""L x 6.26""W x 7.6""H; Made of 100% stoneware; These vases feature a delicate geometric design around their exteriors that enhances their rustic look.",data/raw/images/small/e3/e34b89d9.jpg
q018,B07K23YLR8|amazon.co.uk,0,not a chair,"larger size of a similar item, not a small one",data/raw/images/small/a6/a65e6e2c.jpg,"Title: UMI. by Amazon Dresser Drawer Organiser, Set of 6 Closet Underwear Organisers Drawer Dividers Folding Storage Bins Box Containers for Bras Socks Ties Scarves, Grey/White Zigzag
Category: Home & Garden/Home & Kitchen/Categories/Storage & Organisation/Clothing & Wardrobe Storage/Drawer Organisers
Product type: CAN_OPENER
Brand: UMI
Color: Grey
Material: fabric
Description: Cleaning up and organizing your house have never been an easy job! But getting rid of the clutter and putting things in proper place will make your home look better, and you feel better. Now free yourself from this tiring errand with Umi. Foldable Storage Cubes! How large is each storage cube? What can I store in it? 6 Drawer Organizers in total: 2 large square bins (27.9 x 27.9 x 10 cm), 2 medium-size rectangular bins (27.9 x 14 x 10 cm) and 2 small square bins (14 x 14 x 10 cm). It's perfect for storing items ranging from child clothes, underwear, socks, bras, leggings, sweatshirts to toys, small records or albums, etc. It comes in handy at home, in office and even nursery. Is this container easy to get dirty marks? How to clean it? To be honest, it depends on where you place it. But don't worry, since this container is made with non-woven fabric, it's easy to clean. It's not washable but you could simply wipe it with a cloth. For a longer lifetime of the Storage Cubes, Umi. kindly remind you to: 1. Avoid damp environments. 2. Use within the storage weight. 3. Avoid putting it in places with oil. 4. Please do not touch the product with sticky or greasy hands. Specifications: Materials: 66% Nonwoven Fabric + 34% Cardboard Color: Black Size: 2 large square bins (27.9 x 27.9 x 10 cm ) 2 medium-size rectangular bins (27.9 x 14 x 10 cm ) 2 small square bins (14 x 14 x 10 cm). Cleaning method: Wipe Applicable environment: Indoor Package content: Set of 6 Collapsible Storage Cubes
Features: 3-SIZE ORGANIZER SET (6 SETS): The package comes with 6 Organize Bins, which include: 2 large square bins (2",data/raw/images/small/9a/9ac559b7.jpg
q018,B07K4QWL7F|amazon.in,1,not much similar,"larger size of a similar item, not a small one",data/raw/images/small/a6/a65e6e2c.jpg,"Title: AmazonBasics Outdoor PE Wicker Rattan Hanging Chair with Stand
Category: Hardware/Furniture Hardware/Furniture Pads
Product type: OUTDOOR_LIVING
Brand: AmazonBasics
Color: Beige
Material: Rattan
Dimensions (H x W x L): 43.3 x 78 x 43.3 inches
Features: Make sure this fits by entering your model number.; Outdoor hanging chair with stand; ideal for a back deck, patio, poolside area, yard, or garden; Egg-shaped wicker chair made of steel and synthetic polyethylene (PE) rattan; curved for optimal comfort; Durable steel stand with X-shaped base for stability and a drop-down hook for securely suspending the hanging chair; Simple assembly required (takes about 30 minutes); weighs 40 pounds; sleek black color for easy coordinating with surrounding outdoor decor; Measures 43.3 by 43.3 by 78 inches; backed by an AmazonBasics 1-year limited warranty",data/raw/images/small/e6/e66223b5.jpg
q018,B07KZW31RX|amazon.co.uk,0,not a chair,"larger size of a similar item, not a small one",data/raw/images/small/a6/a65e6e2c.jpg,"Title: Eono by Amazon - Bra Laundry Bags - 4 Pack Mesh wash Bags Washing Machine Bag for Intimates Lingerie and Delicates with Premium Zipper
Category: Home & Garden/Home & Kitchen/Categories/Storage & Organisation/Laundry & Cleaning/Laundry Bags
Product type: STORAGE_BAG
Brand: Eono
Color: Bra Wash Bag 4 Pcs
Material: PP
Description: 2 Large Size(7""X7"") and 2 Regular Size(6""X6"") wash bags are included in this set of laundry bags. Large size(7""X7"") wash bags are perfect for larger sizes bra(Cup Size from D to G). Regular Size(6""X6"") wash bags are perfect for regular size bra(Cup Size from A to C) and other small delicates.
Features: Items Included:This set of Laundry Bags includes 2 Large Size Cylindrical Bra Wash Bags(7""X7"") and 2 Regular size Cylindrical Bra Wash Bags which cater to washing most of your underwears,socks and other small clothing.; High Quality and Durable:This Set of wash bags are made of high quality sandwich fabric which is featured with water permeability and fine filtration and cleansing performance. Wear-resistant fabric make sure this wash bags can be used for a long time.; See-Through and Breathable: Larger mesh holes not only mean washing and drying clothes more quickly,but also means more ventilated if you need it for storage purpose.; Protect the Delicates: Your delicate underwears could be perfectly protected with the soft interior mesh material. The wear-resistant and corrosion-resistant outer mesh material could prevent your clothes from being entangled or deformed.; 100% Money Back Guarantee: Offering you the best products and serving all your needs has always been our top goal.We stand behind the durability of our products and offer an unconditional guarantee against any defects in craftsmanship.",data/raw/images/small/14/14faa001.jpg
q018,B07L3MKY1W|amazon.in,0,not a chair,"larger size of a similar item, not a small one",data/raw/images/small/a6/a65e6e2c.jpg,"Title: (Renewed) Amazon Brand - Solimo Square-Shaped Nesting Wall Shelf, Set of 3 (Matte Finish, Wenge)
Category: Furniture/Living Room Furniture/Wall Shelves
Product type: FURNITURE
Brand: Amazon Brand - Solimo
Color: Wenge
Material: MDF
Style: Contemporary
Dimensions (H x W x L): 100 x 250 x 250 millimeters
Features: This Amazon Renewed product will be in an unboxed or refurbished condition and has been professionally inspected and tested by an Amazon qualified supplier. Box and accessories may be generic; Product Dimensions: Large Shelf: 10 inch X 4.0 inch X 10 inch; Medium Shelf: 8 inch X 4.0 inch X 8 inch; Small Shelf: 6 inch X 4.0 inch X 6 inch (Width X Depth X Height); Sturdy shelves made from 18mm thick MDF board with a maximum load bearing capacity of 2.5kg; Package Contents: 3 square-shaped shelves, 6 wall plugs, 6 wall screws",data/raw/images/small/67/672449b1.jpg
q018,B07L3TSF4Q|amazon.in,0,not a chair,"larger size of a similar item, not a small one",data/raw/images/small/a6/a65e6e2c.jpg,"Title: (Renewed) Amazon Brand - Solimo U-Shaped Floating Wall Shelf, Set of 3 (Matte Finish, Walnut)
Category: Furniture/Living Room Furniture/Wall Shelves
Product type: FURNITURE
Brand: Amazon Brand - Solimo
Color: Walnut
Material: MDF
Style: Contemporary
Dimensions (H x W x L): 114 x 127 x 610 millimeters
Features: This Amazon Renewed product will be in an unboxed or refurbished condition and has been professionally inspected and tested by an Amazon qualified supplier. Box and accessories may be generic; Product Dimensions: Large Shelf: 24 inch X 5 inch X 5 inch; Medium Shelf: 18 inch X 5 inch X 5 inch; Small Shelf: 12 inch X 5 inch X 5 inch (Width X Depth X Height); Sturdy shelves made from 18mm thick MDF board with a maximum load bearing capacity of 3kg; Package Contents: 3 U-shaped shelves, 6 wall plugs, 6 wall screws",data/raw/images/small/2f/2f34f05c.jpg
q018,B07QNWT95K|amazon.in,0,not a chair,"larger size of a similar item, not a small one",data/raw/images/small/a6/a65e6e2c.jpg,"Title: Amazon Brand - Solimo 2 Piece Toiletry Bag, Black and Cream
Category: Home Storage & Organization/Clothing & Wardrobe Storage/Wardrobe Jewelry Organisers
Product type: COSMETIC_CASE
Brand: Amazon Brand - Solimo
Color: Multi
Material: Canvas
Dimensions (H x W x L): 80 x 100 x 200 millimeters
Features: Material: Canvas, Color: Multi; Package Contents: Canvas Toiletry Bag/Shaving Pouch Set of 2- Black & cream; Size: 20 cm x 10 cm x 8 cm; Store and organize all your toiletry, shaving items; Dimension: Height-10 CM, Width-20 CM, Length-10 CM; Set of Two Pcs. (Large+ Small); Made in premium quality Canvas fabric; Waterproof",data/raw/images/small/80/80e9f36b.jpg
q018,B07SXC4H2M|amazon.ca,1,not much larger,"larger size of a similar item, not a small one",data/raw/images/small/a6/a65e6e2c.jpg,"Title: AmazonBasics Foldable Rocking Chair with Canopy - Beige (Renewed)
Category: Patio Furniture & Accessories/Chairs/Rocking Chairs
Product type: CHAIR
Brand: AmazonBasics
Color: Beige
Material: Alloy Steel
Style: Foldable Rocking Chair with Canopy
Dimensions (H x W x L): 25.2 x 38.58 x 37.4 inches
Features: Folding rocking chair for porch, patio, or travel; Easily collapses down for storage or moving; Ergonomic nylon mesh seat with elastic cording supports your spine; Durable powder-coated steel frame with arm rests; Take on the road for travel, or use on your home porch or patio; Includes padded head rest and retractable sun canopy",data/raw/images/small/31/3100f046.jpg
q018,B07VB44R5D|amazon.in,0,not a chair,"larger size of a similar item, not a small one",data/raw/images/small/a6/a65e6e2c.jpg,"Title: Amazon Brand - Solimo 4 Piece Storage Basket Set, Brown
Category: Home Storage & Organization/Boxes, Baskets & Bins/Storage Baskets/Shelf Baskets
Product type: BASKET
Brand: Amazon Brand - Solimo
Color: Brown
Material: Plastic
Style: Set of 4
Dimensions (H x W x L): 130 x 350 x 300 millimeters
Features: Made sturdy from high-quality virgin PP plastic; Woven design for a premium look; Ideal for storing your clothes, office stationery, makeup items and more; Rigorously tested large, medium and small size baskets can hold 10 kg, 7 kg and 5 kg weight respectively; Dimensions- Large: LWH: 380 x 320 x 140 mm, Weight: 420 gm; Medium: LWH: 240 x 200 x 100 mm, Weight: 160 gm; Small: LWH: 200 x 140 x 60 mm, Weight: 90 gm; Package Contents- 1 Large Piece, 1 Medium Piece and 2 Small Pieces of Storage Basket; Color: Brown",data/raw/images/small/40/40b22942.jpg
q018,B07VB44R5L|amazon.in,0,not a chair,"larger size of a similar item, not a small one",data/raw/images/small/a6/a65e6e2c.jpg,"Title: Amazon Brand - Solimo 3 Piece Storage Basket Set, Beige
Category: Home Storage & Organization/Boxes, Baskets & Bins/Storage Baskets/Shelf Baskets
Product type: BASKET
Brand: Amazon Brand - Solimo
Color: Biege
Material: Plastic
Style: Set of 3
Dimensions (H x W x L): 9.6 x 19.5 x 24.5 centimeters
Features: Made sturdy from high-quality virgin PP plastic; Woven design for a premium look; Ideal for storing your office stationery, kitchen tools, makeup items and more; Rigorously tested medium and small size baskets can hold 7kg and 5kg weight respectively; Dimensions- Medium: LWH: 240 x 200 x 100 mm, Weight: 160 gm; Small: LWH: 200 x 140 x 60 mm, Weight: 90 gm; Package Contents- 1 Medium Piece and 2 Small Pieces of Storage Basket; Color: Beige",data/raw/images/small/47/4790d8d7.jpg
q018,B07VB46B69|amazon.in,0,not a chair,"larger size of a similar item, not a small one",data/raw/images/small/a6/a65e6e2c.jpg,"Title: Amazon Brand - Solimo 6 Piece Storage Basket Set, Blue
Category: Home Storage & Organization/Boxes, Baskets & Bins/Storage Baskets/Shelf Baskets
Product type: BASKET
Brand: Amazon Brand - Solimo
Color: Blue
Material: Plastic
Style: Set of 6
Dimensions (H x W x L): 16.5 x 33 x 38 centimeters
Features: Made sturdy from high-quality virgin PP plastic; Woven design for a premium look; Ideal for storing your clothes, office stationery, makeup items and more; Rigorously tested large, medium and small size baskets can hold 10kg, 7kg and 5kg weight respectively; Dimensions- Large: LWH: 380 x 320 x 140 mm, Weight: 420 gm; Medium: LWH: 240 x 200 x 100 mm, Weight: 160 gm; Small: LWH: 200 x 140 x 60 mm, Weight: 90 gm; Package Contents- 2 Large Pieces, 2 Medium Pieces and 2 Small Pieces of Storage Basket; Color: Blue",data/raw/images/small/1a/1aafab59.jpg
q018,B07VD8LZ3H|amazon.in,0,not a chair,"larger size of a similar item, not a small one",data/raw/images/small/a6/a65e6e2c.jpg,"Title: Amazon Brand - Solimo 6 Piece Storage Basket Set, Brown
Category: Home Storage & Organization/Boxes, Baskets & Bins/Storage Baskets/Shelf Baskets
Product type: BASKET
Brand: Amazon Brand - Solimo
Color: Brown
Material: Plastic
Style: Set of 6
Dimensions (H x W x L): 130 x 350 x 300 millimeters
Features: Made sturdy from high-quality virgin PP plastic; Woven design for a premium look; Ideal for storing your clothes, office stationery, makeup items and more; Rigorously tested large, medium and small size baskets can hold 10 kg, 7 kg and 5 kg weight respectively; Dimensions- Large: LWH: 380 x 320 x 140 mm, Weight: 420 gm; Medium: LWH: 240 x 200 x 100 mm, Weight: 160 gm; Small: LWH: 200 x 140 x 60 mm, Weight: 90 gm; Package Contents- 2 Large Pieces, 2 Medium Pieces and 2 Small Pieces of Storage Basket; Color: Brown",data/raw/images/small/54/54180d03.jpg
q018,B07VD8MWGC|amazon.in,0,not a chaor,"larger size of a similar item, not a small one",data/raw/images/small/a6/a65e6e2c.jpg,"Title: Amazon Brand - Solimo 4 Piece Storage Basket Set, Beige
Category: Home Storage & Organization/Boxes, Baskets & Bins/Storage Baskets/Shelf Baskets
Product type: BASKET
Brand: Amazon Brand - Solimo
Color: Biege
Material: Plastic
Style: Set of 4
Dimensions (H x W x L): 130 x 350 x 300 millimeters
Features: Made sturdy from high-quality virgin PP plastic; Woven design for a premium look; Ideal for storing your clothes, office stationery, makeup items and more; Rigorously tested large, medium and small size baskets can hold 10 kg, 7 kg and 5 kg weight respectively; Dimensions- Large: LWH: 380 x 320 x 140 mm, Weight: 420 gm; Medium: LWH: 240 x 200 x 100 mm, Weight: 160 gm; Small: LWH: 200 x 140 x 60 mm, Weight: 90 gm; Package Contents- 1 Large Piece, 1 Medium Piece and 2 Small Pieces of Storage Basket; Color: Beige",data/raw/images/small/c0/c0908986.jpg
q018,B07X3ZD49J|amazon.co.uk,0,not a chair,"larger size of a similar item, not a small one",data/raw/images/small/a6/a65e6e2c.jpg,"Title: UMI. by Amazon Dresser Drawer Organiser, Set of 6 Closet Underwear Organisers Drawer Dividers Folding Storage Bins Box Containers for Bras Socks Ties Scarves, Grey Twig Stripes
Category: Home & Garden/Home & Kitchen/Categories/Storage & Organisation/Clothing & Wardrobe Storage/Drawer Organisers
Product type: STORAGE_BOX
Brand: UMI
Color: Grey Twig Stripes
Description: 3-SIZE ORGANIZER SET (6 SETS): The package comes with 6 Organize Bins, which include: 2 large square bins (27.9 x 27.9 x 13 cm), 2 medium-size rectangular bins (27.9 x 14 x 13 cm) and 2 small square bins (14 x 14 x 13 cm). ORGANISE CLOSET/DRAWER: These Storage Bins can be used to organize closet or divide drawers for classifying personal items such as underwear, bras, socks, ties, scarves and other accessories. COLLAPSIBLE STORAGE BIN: The foldable feature of Umi Fabric Drawer means that it is space-saving and convenient to take along. You could simply fold them up when you do not use or when you need them for travel.
Features: 3-SIZE ORGANIZER SET (6 SETS): The package comes with 6 Organize Bins, which include: 2 large square bins (27.9 x 27.9 x 13 cm), 2 medium-size rectangular bins (27.9 x 14 x 13 cm) and 2 small square bins (14 x 14 x 13 cm).; ORGANISE CLOSET/DRAWER: These Storage Bins can be used to organize closet or divide drawers for classifying personal items such as underwear, bras, socks, ties, scarves and other accessories.; COLLAPSIBLE STORAGE BIN: The foldable feature of Umi Fabric Drawer means that it is space-saving and convenient to take along. You could simply fold them up when you do not use or when you need them for travel.; ECO & USER-FRIENDLY NONWOVEN FABRIC: This Fabric Basket for Storage is made with non-woven fabric, which is soft, breathable and non-irritating, protecting both your hands and your items. Besides, it's a recyclable material which won't do much harm to the environment.; SOLID CONSTRUCTION: Umi Storage Baskets are made from premium nonwoven fabric and each",data/raw/images/small/6d/6d1b6b39.jpg
q018,B07Y2D8SF7|amazon.in,2,exact match,"larger size of a similar item, not a small one",data/raw/images/small/a6/a65e6e2c.jpg,"Title: AmazonBasics Adjustable Bed Base with No Massage - Full
Category: Furniture/Kids' Furniture/Bed Frames
Product type: BED_FRAME
Brand: AmazonBasics
Color: black
Style: LightCyan
Dimensions (H x W x L): 14 x 54 x 75 inches",data/raw/images/small/6c/6ccba75d.jpg
q018,B07ZMXNFDL|amazon.in,0,not a chair,"larger size of a similar item, not a small one",data/raw/images/small/a6/a65e6e2c.jpg,"Title: AmazonBasics Vacuum Compression Storage Bags with Hand Pump - 12-Pack (3 Jumbo, 3 Large, 3 Medium, 3 Small) (Renewed)
Category: Home Storage & Organization/Clothing & Wardrobe Storage/Space Saver Bags
Product type: STORAGE_BAG
Brand: AmazonBasics
Dimensions (H x W x L): 7.8 x 9.8 x 11.8 inches
Features: Set of heavy-duty plastic vacuum compression storage bags; Compress bulky textiles, clothing, linens, and more at an 80% size reduction; Protects items from moisture, dirt, insects, mold, odors, and more; Hand pump included, or connect to any standard vacuum cleaner hose for faster results; Heavy-duty valve and double seal zipper for air tight protection; 12-pack of bags: 3 Jumbo (40x30 inches), 3 Large (32x24 inches), 3 Medium (28x20 inches), 3 Small (24x16 inches)",data/raw/images/small/ca/ca88d803.jpg
q018,B081HWKWN6|amazon.co.uk,1,not much similar and larger,"larger size of a similar item, not a small one",data/raw/images/small/a6/a65e6e2c.jpg,"Title: UMI. by Amazon - Ergonomic office chair, Swivelling Mesh Computer Chair with Adjustable Lumbar Support and PU Armrests, Breathable Mesh Back and Padded Seat, 150 kg Max Load
Category: Home & Garden/Home & Kitchen/Categories/Furniture/Home Office Furniture/Chairs & Stools/Desk Chairs
Product type: ACCESSORY_OR_PART_OR_SUPPLY
Brand: UMI
Color: Black
Material: Alloy Steel
Dimensions (H x W x L): 130.5 x 63 x 69 centimeters
Features: 【CLASSIC BACKREST】The classic outer frame is made of eco-friendly PA materials, which is sturdy and durable to ensure your safety. The design of a slight S-shaped backrest combines the rear adjustable lumbar pillow, which fits to protect your cervical spine and lumbar spine, reduces back pain. When you feel tired from work or study, you can easily lock the three angles of 102-110-130 by adjusting the backrest level to release physical and mental pressure.; 【BREATHABLE & COMFORTABLE】The backrest and headrest are made of high-quality breathable polyester mesh to keep you cool and comfortable. High-density foam-filled seat cushion resists deformation to provide support that lasts all day long.; 【FREE ADJUSTMENT】Adjustable headrest and armrests show the flexibility of the ergonomic office chairs, you can adjust the height of the headrest and armrests according to your needs, finding the best position to perfectly support your neck, cervical spine, shoulders and arms to get the maximum relaxation. By adjusting the seat height to meet your work and daily needs.; 【SAFE & RELIABLE】The four-stage steel gas spring and heavy-duty nylon legs with max. load of 150 kg, certified by BIFMA and SGS. The thickened explosion-proof steel chassis is hard-wearing, all the details make this desk office chair use longer. The quiet chair wheel wrapped by PU can smoothly rotate 360° and is suitable for almost all floors.; 【PREMIUM SERVICE】This executive office chair has a 3-year warranty. If you have any quality problems, please contact us immediately, we wil",data/raw/images/small/ea/eac17d40.jpg
q018,B081HX9SRM|amazon.co.uk,1,not much similar and larger,"larger size of a similar item, not a small one",data/raw/images/small/a6/a65e6e2c.jpg,"Title: UMI. by Amazon - Ergonomic office chair, Breathable High-Back Mesh Desk Chair with Adjustable Lumbar Support, 3D Armrests, Tilt Function and 360° Rotating Wheels
Category: Home & Garden/Home & Kitchen/Categories/Furniture/Home Office Furniture/Chairs & Stools/Desk Chairs
Product type: ACCESSORY_OR_PART_OR_SUPPLY
Brand: UMI
Color: Black
Material: Alloy Steel
Dimensions (H x W x L): 120 x 61 x 70 centimeters
Features: 【ERGONOMIC DESIGN】The S-type backrest designed by imitating the human spine curve, which effectively supports the back and relieves pressure. The headrest with a 43cm wide cambered surface can fully support the cervical spine, correct for health, release brain fatigue, and inspire new inspiration, allowing you to fully enjoy sitting while working or resting.; 【BREATHABLE MESH FABRIC】This mesh office chair is made of high-quality special mesh fabric, featuring breathable, comfortable and durable, which can circulate the back air and keep cool, so you won't afraid at all of the summer sultry. The concave waterfall cushion can effectively reduce the pressure on the hips and legs. This desk chair is worth purchasing one for yourself, if you need to sit on the office chair for a long time.; 【MULTIFUNCTIONAL ADJUSTMENT】This ergonomic office chair equipped with 3D armrests, which can be adjusted front, back, left and right. The PU material of armrests with a delicate touch relax arms and shoulders, which can effectively prevent carpal tunnel problems; adjustable height waist pillow provides more powerful support for the lumbar; the multifunctional mechanism with adjustable tres levels include locking back adjustment, lifting and tilt tension to meet different needs.; 【SOLID FOUNDATION】Mechanical steel multi-function mechanism made with high technology standards; BIFMA certified four-stage gas spring; 350 aluminum alloy chair legs tested to 1136 kg static pressure; ssmooth, quiet, and scratch-free nylon wheels suitable for hard floors, carpets; all parts",data/raw/images/small/85/8552ae1a.jpg
q018,B0831X7B8V|amazon.com,1,not similar and larger,"larger size of a similar item, not a small one",data/raw/images/small/a6/a65e6e2c.jpg,"Title: Amazon Brand – Stone & Beam Lyon Upholstered Chair-and-a-Half, 55""W, Steel
Category: Furniture/Living Room Furniture/Chairs
Product type: CHAIR
Brand: Stone & Beam
Color: Steel
Material: Polyester
Dimensions (H x W x L): 37 x 38 x 55 inches
Features: This sumptuous chair-and-a-half is the ultimate in roomy comfort. The steel-gray upholstery and modern design bring a distinctive flair to your living room or family room. Flared arms allow for maximum freedom of movement and the fully padded cushions provide long-lasting comfort.; 55""W x 38""D x 37""H; seat height: 21.5""H; seat depth: 23.5""D; seat back height: 30.5""H; arm height: 30.5""H; leg height: 6""H; Upholstered in 100% polyester fabric; fully padded solid wood frame with mortise and tenon construction; Removable and reversible seat cushions; sinuous spring support system with durable foam-padded cushions; Assemble in 15 minutes or less; Spills should be spot cleaned and rinsed with water.; Free returns for 30 days. 3-year warranty.; This item is made to order just for you.",data/raw/images/small/5a/5ab207df.jpg
q018,B0896G6LPJ|amazon.in,1,not similar and larger,"larger size of a similar item, not a small one",data/raw/images/small/a6/a65e6e2c.jpg,"Title: Camping Chair
Category: Furniture/Living Room Furniture/Footstools
Product type: FURNITURE
Brand: Amazon Brand - Solimo
Color: Blue
Material: Metal
Style: Contemporary
Dimensions (H x W x L): 468 x 547 x 323 millimeters
Features: Product Dimensions: Length (32.3 cm), Width (54.7 cm), Height (46.8 cm); Primary Material: Steel; Color: Blue, Style: Contemporary; No Assembly Required: The product is delivered in a pre-assembled state; Warranty: 3 years manufacturing defect; Over 20 tests conducted to ensure quality and safety",data/raw/images/small/fe/fe3a359e.jpg
q019,B07DD45PSL|amazon.co.uk,0,not similar,"similar visual but for a kitchen, not a bedroom",data/raw/images/small/97/97628e73.jpg,"Title: AmazonBasics Aluminium Venetian Blind, 50 x 130 cm - Cream
Category: Home & Garden/Home & Kitchen/Categories/Home Accessories/Window Treatments/Blinds/Venetian Blinds
Product type: AIR_PURIFIER
Brand: AmazonBasics
Color: Cream
Material: Aluminum
Dimensions (H x W x L): 1.8 x 2.1 x 19.6 inches
Features: Venetian blind for privacy, glare-prevention, and light management; ideal for a bedroom, living room, office, or study; High-quality 25mm slats; made of durable aluminium; easy to clean; Rope for raising/lowering the blind; turning bar for adjusting the angle of the slats; Installs quickly and easily; no drilling needed; mounting clips included; Measures 50 x 130 cm; Cream for an attractive appearance and easy coordinating",data/raw/images/small/80/80ced8c8.jpg
q019,B07G4QBDG6|amazon.in,2,exact match,"similar visual but for a kitchen, not a bedroom",data/raw/images/small/97/97628e73.jpg,"Title: Amazon Brand - Solimo Plastic Kitchen Storage Container Set, 750ml, 8-Pieces, Blue
Category: Kitchen & Dining/Kitchen Storage & Containers/Jars & Containers
Product type: JAR
Brand: Amazon Brand - Solimo
Color: Blue
Material: Plastic
Style: 8 Pieces
Dimensions (H x W x L): 21.5 x 19.5 x 19.5 centimeters
Features: Airtight storage container made from robust, high-quality, food-grade, BPA-free plastic; Airtight lids with a special locking mechanism with 4 way-locking and silicon gasket which keeps moisture out; See through lid and body for easy identification of inner contents; Microwave-safe, Refrigerator-safe, Dishwasher-safe body; Stackable containers which can save space and help organize your kitchen; Shatterproof body which makes the container impact resistant; Easy to maintain as the box and the lid can be cleaned separately; Package Contents: 8-Pieces Container (750ml)",data/raw/images/small/5b/5b27c418.jpg
q019,B07GFFPKFV|amazon.co.uk,0,not similar,"similar visual but for a kitchen, not a bedroom",data/raw/images/small/97/97628e73.jpg,"Title: Amazon Brand - Movian Inari Modern 2-Door 2-Drawer Wardrobe, 100 x 57 x 180 cm, White
Category: Home & Garden/Home & Kitchen/Categories/Furniture/Bedroom Furniture/Bedroom Wardrobes
Product type: CABINET
Brand: Movian
Color: White
Material: Wood
Style: Wardrobe
Dimensions (H x W x L): 180 x 100 x 57 centimeters
Features: Dimensions: 57 x 100 x 180cm; Minimalist white melamine finish; Sturdy 16mm particle board construction; Stylish yet perfectly practical design; Simple assembly with two people required; Requires Assembly; 2-year Product Warranty",data/raw/images/small/c0/c0eae26a.jpg
q019,B07GFRH5ZS|amazon.co.uk,0,not similar,"similar visual but for a kitchen, not a bedroom",data/raw/images/small/97/97628e73.jpg,"Title: Amazon Brand - Movian Kolva Double Bed Frame, 144.5 x 194.5 x 31.7cm, Grey
Category: Home & Garden/Home & Kitchen/Categories/Furniture/Bedroom Furniture/Beds, Frames & Bases/Bed Frames
Product type: BED_FRAME
Brand: Movian
Color: Grey
Material: Wood
Style: Double Bed
Dimensions (H x W x L): 31.7 x 194.5 x 144.5 centimeters
Features: Dimensions: 144.5 x 194.5 x 31.7cm; Minimalist grey melamine finish; Timeless, refined and classic design; Blends easily into bedrooms of any style or décor; Simple assembly with two people required; Requires Assembly; 2-year Product Warranty",data/raw/images/small/81/813e033a.jpg
q019,B07GFRKNR1|amazon.co.uk,0,not similar,"similar visual but for a kitchen, not a bedroom",data/raw/images/small/97/97628e73.jpg,"Title: Amazon Brand - Movian Inari Modern 2-Door 2-Drawer Wardrobe, 100 x 57 x 180 cm, Light Brown Oak-Effect
Category: Home & Garden/Home & Kitchen/Categories/Furniture/Bedroom Furniture/Bedroom Wardrobes
Product type: CABINET
Brand: Movian
Color: Oak
Material: Wood
Style: Wardrobe
Dimensions (H x W x L): 180 x 100 x 57 centimeters
Features: Dimensions: 57 x 100 x 180cm; Classic oak foil finish; Sturdy 16mm particle board construction; Stylish yet perfectly practical design; Simple assembly with two people required; Requires Assembly; 2-year Product Warranty",data/raw/images/small/30/30683c12.jpg
q019,B07GFS1R5B|amazon.co.uk,0,not similar,"similar visual but for a kitchen, not a bedroom",data/raw/images/small/97/97628e73.jpg,"Title: Amazon Brand - Movian Indre 3-Door 3-Drawer Wardrobe, 129 x 51 x 191cm, Dark Grey
Category: Home & Garden/Home & Kitchen/Categories/Furniture/Bedroom Furniture/Bedroom Wardrobes
Product type: CABINET
Brand: Movian
Color: Grey
Material: Wood
Style: Wardrobe
Dimensions (H x W x L): 191 x 129 x 51 centimeters
Features: Dimensions: 51 x 129 x 191cm; Minimalist grey melamine finish; Sturdy 16mm particle board construction; Stylish yet perfectly practical design; Simple assembly with two people required; Requires Assembly; 2-year Product Warranty",data/raw/images/small/e6/e672cfb7.jpg
q019,B07GLDNKMB|amazon.in,0,exact match,"similar visual but for a kitchen, not a bedroom",data/raw/images/small/97/97628e73.jpg,"Title: Amazon Brand - Solimo Snack Container Set, Set of 4, Multicolor
Category: Kitchen & Dining/Kitchen Storage & Containers/Jars & Containers
Product type: JAR
Brand: Amazon Brand - Solimo
Color: Multicolor
Material: Plastic
Features: Made from high quality premium Polypropylene (Grade 5) plastic that is Food grade, BPA free that is safe for all kinds of storage options that comes in very attractive colors for Kids; Microwave safe, Dishwasher safe, Freezer Safe; 500ml, 400ml, 250ml, 150ml capacities; Air tight storage mechanism with thick silicone gasket inside that is Extremely easy to store, wash and use; Ideal for storing snacks like biscuits, small sandwich pieces, chocolates, fruits etc that make an ideal companion for kids; Dimension of 29*29*20cm for the bowl that fits all the other components inside comfortably",data/raw/images/small/ad/ad264431.jpg
q019,B07GLZXBGG|amazon.in,2,exact match,"similar visual but for a kitchen, not a bedroom",data/raw/images/small/97/97628e73.jpg,"Title: Amazon Brand - Solimo Storage Container Set, 6.3 Litre, Set of 10, Multicolor
Category: Kitchen & Dining/Kitchen Storage & Containers/Jars & Containers
Product type: JAR
Brand: Amazon Brand - Solimo
Color: Multicolor
Material: Plastic
Features: Made from high quality premium Polypropylene (Grade 5) plastic that is Food grade, BPA free that is safe for all kinds of storage options; Microwave safe, Dishwasher safe, Freezer Safe; Air tight storage mechanism with thick silicone gasket inside that is Extremely easy to store, wash and use; Unique space saving design where all the small containers fit inside the large one; Ideal for storing cut fruits, vegetables, rice, gravies, staples, chutneys, dry fruits etc; Capacities of ROUND 140mL/400mL/900mL, RECTANGULAR 140mL/400mL/900mL/2L, SQUARE 150mL/380mL/820mL",data/raw/images/small/06/06694b4b.jpg
q019,B07HKCJF3T|amazon.in,2,exact match,"similar visual but for a kitchen, not a bedroom",data/raw/images/small/97/97628e73.jpg,"Title: Amazon Brand - Solimo Plastic Kitchen Storage Container Set, 7-Pieces, Transparent
Category: Kitchen & Dining/Kitchen Storage & Containers/Jars & Containers
Product type: JAR
Brand: Amazon Brand - Solimo
Color: Red
Material: Plastic
Style: 7 Piece
Dimensions (H x W x L): 22.5 x 19.5 x 19.5 centimeters
Features: Airtight storage container made from robust, high-quality, food-grade, BPA-free plastic; Airtight lids with a special locking mechanism with 4 way-locking and silicon gasket which keeps moisture out; See through lid and body for easy identification of inner contents; Microwave-safe, Refrigerator-safe, Dishwasher-safe body; Stackable containers which can save space and help organize your kitchen; Shatterproof body which makes the container impact resistant; Easy to maintain as the box and the lid can be cleaned separately; Package Contents: 4-Pieces Container (500ml), 2-Pieces Container (750ml) and 1-Piece Container (1 Litre)",data/raw/images/small/b0/b018158f.jpg
q019,B07Q1S1ZV2|amazon.co.uk,0,not similar,"similar visual but for a kitchen, not a bedroom",data/raw/images/small/97/97628e73.jpg,"Title: Ameriwood Home Classic 6 Drawer Dresser, White
Category: Home & Garden/Home & Kitchen/Categories/Furniture/Bedroom Furniture/Chest of Drawers
Product type: DRESSER
Brand: Ameriwood Home
Color: White
Material: Engineered Wood
Style: 6 Drawer Dresser
Dimensions (H x W x L): 753 x 1360 x 398 millimeters
Features: Give your bedroom or guest room additional storage with the Ameriwood Home Classic 6 Drawer Dresser; Made from laminated particleboard, the white finish gives the Dresser a classic look that fits with your existing déco; Keep your folded t-shirts, pants, and extra linens in the 6 spacious drawers and display photos and decorations on the large top surface; Wall anchor kit is included to safely secure the Dresser to the wall; The 6 Drawer Dresser ships flat to your door and requires 2 adults to assemble. The top surface can hold 75 lbs. and each drawer will hold 25 lbs. Assembled dimensions: 26.68""H x 53.54""W x 15.67""D",data/raw/images/small/1b/1be23d64.jpg
q019,B07TX2D4XN|amazon.co.uk,0,not similar,"similar visual but for a kitchen, not a bedroom",data/raw/images/small/97/97628e73.jpg,"Title: Amazon Brand - Movian MDF Shelf 2 lockers Cube Bookcase, Light Oak, 41.5 x 29 x 59.5 cm
Category: Home & Garden/Home & Kitchen/Categories/Furniture/Living Room Furniture/Bookcases
Product type: SHELF
Brand: Movian
Color: Light Brown
Material: Wood
Style: 2 compartments
Dimensions (H x W x L): 59.2 x 41.4 x 29 centimeters
Features: Storage furniture with clean and modern design for dining room, living room, kitchen and bedroom; Removable and modular shelves to adapt the height of the lockers according to the objects you put there (decoration, books.); High quality conception in MDF wood fibre board, easy daily maintenance; To be arranged vertically or horizontally, or to hang on the wall (sold with a hanging system); Country of Origin: China",data/raw/images/small/7e/7ee70e92.jpg
q019,B07V152DQ8|amazon.co.uk,0,not similar,"similar visual but for a kitchen, not a bedroom",data/raw/images/small/97/97628e73.jpg,"Title: Amazon Brand - Movian 1 locker MDF Shelf Cube Bookcase, Brown, 41.5 x 29 x 30.5 cm
Category: Home & Garden/Home & Kitchen/Categories/Furniture/Children's Furniture/Cabinets
Product type: CABINET
Brand: Movian
Color: Brown
Material: Wood
Style: 1 compartment
Dimensions (H x W x L): 30.5 x 41.4 x 29 centimeters
Features: Storage furniture with clean and modern design for dining room, living room, kitchen and bedroom; Removable and modular shelves to adapt the height of the lockers according to the objects you put there (decoration, books.); High quality conception in MDF wood fibre board, easy daily maintenance; To be arranged vertically or horizontally, or to hang on the wall (sold with a hanging system); Country of Origin: China",data/raw/images/small/51/518468e2.jpg
q019,B07W4FDTH7|amazon.co.uk,0,not similar,"similar visual but for a kitchen, not a bedroom",data/raw/images/small/97/97628e73.jpg,"Title: UMI. Essentials Rustic Floating Shelf Metal Wire Wall Mounted Storage Shelves for Living Room Kitchen Office, 3 Pack
Category: Home & Garden/Home & Kitchen/Categories/Storage & Organisation/Racks, Shelves & Drawers/Floating Shelves
Product type: SHELF
Brand: UMI
Description: These rustic shelves are constructed from MDF wood and black powder coated metal brackets, adds a nice rustic and beautiful touch on any wall and it will bring a fantastic decoration to office, living room, bedroom, nursery and study room.
Features: MATERIAL and DIMENSIONS. Rustic wall shelves with MDF wood and black powder coated metal triangular brackets, adds a nice rustic and nice touch on any wall.Large: 15.6x5.3x6.8 inch, Medium:12.8x5.3x6.8 inch, Small:10.4x5.3x6.8 inch.; EASY TO INSTALL AND HANG. Easy to assemble and put up, sturdy, easy to follow instruction and mounting hardware included.; FUNCTIONAL FLOATING SHELVES. These rustic wall shelves which create additional shelving space for hallway, dorm,bathroom, bedroom, living room, kitchen, office and more.; WIDE USE. Rustic 3 set of wall shelves for displaying CD, collectibles, book, small plants, toys, cosmetics, shampoo, picture frames, spice jars.; CUTE GIFT: This hanging shelves makes for a great gift to your friends, mom, father, grandma, grandpa.",data/raw/images/small/14/14a9c7a5.jpg
q019,B07WDGZ25V|amazon.co.uk,1,not much similar,"similar visual but for a kitchen, not a bedroom",data/raw/images/small/97/97628e73.jpg,"Title: Stone & Beam Rustic Acorn Shaped Stoneware Box, 4.25"" H, White and Clay (Renewed)
Category: Home & Garden/Home & Kitchen/Categories/Home Accessories/Decorative Accessories/Boxes
Product type: STORAGE_BOX
Brand: Stone & Beam
Color: White and Clay
Material: Stoneware
Dimensions (H x W x L): 5 x 4.25 x 5 inches
Features: Different glazing techniques are used to create this clever acorn-shaped ceramic box. It's ready to hold keys in an entryway or jewelry in a bedroom -- or simply serve as a decorative piece. Allow for variations in color, as each is one of a kind.; Base is speckled off-white; lid is earth-tone clay color; 100% stoneware. Glazing techniques produce a variegated color effect.; 5""Diameter x 4.25""H; Durable piece for display or storing small items",data/raw/images/small/e4/e49bfea0.jpg
q019,B07WZLYS4Q|amazon.in,2,exact match,"similar visual but for a kitchen, not a bedroom",data/raw/images/small/97/97628e73.jpg,"Title: (Renewed) Amazon Brand - Solimo Plastic Storage Bottle Set, 1 Litre, Set of 3, Multicolour
Category: Kitchen & Dining/Kitchen Storage & Containers/Jars & Containers
Product type: JAR
Brand: Amazon Brand - Solimo
Color: Multicolour
Material: Plastic
Features: This Certified Refurbished product is tested to work and look like new with minimal to no signs of wear & tear; the product comes with relevant accessories and is backed by a minimum six month supplier backed warranty; box may be generic; Ideal for storing pulses, other dals, small quantities of rice and even salt, sugar, tea and coffee; Made from sturdy, food grade PP (Plastic) that is BPA free; 2 threaded lid mechanism that makes the containers airtight; Easy to clean and store",data/raw/images/small/4c/4cc2e394.jpg
q019,B07XGN4JQT|amazon.in,2,exact match,"similar visual but for a kitchen, not a bedroom",data/raw/images/small/97/97628e73.jpg,"Title: (Renewed) Amazon Brand - Solimo Storage Container Set, 8-Pieces, Blue
Category: Kitchen & Dining/Kitchen Storage & Containers/Jars & Containers
Product type: JAR
Brand: Amazon Brand - Solimo
Color: Blue
Material: Plastic
Features: This Certified Refurbished product is tested to work and look like new with minimal to no signs of wear & tear; the product comes with relevant accessories and is backed by a minimum six month supplier backed warranty; box may be generic; Airtight storage containers made from robust, high-quality, food-grade, BPA-free plastic; Air-tight lids that ensure no leakage; Transparent design for easy recognition of contents; Microwave-safe, dishwasher-safe",data/raw/images/small/6a/6a085e59.jpg
q019,B07YTLX7MV|amazon.co.uk,0,not similar,"similar visual but for a kitchen, not a bedroom",data/raw/images/small/97/97628e73.jpg,"Title: UMI. Essentials Paravent 4 Teilig Raumteiler 170 x 220 cm Trennwand (Blau)
Category: Home & Garden/Home & Kitchen/Categories/Furniture/Bedroom Furniture/Panel Screens
Product type: ROOM_DIVIDER
Brand: UMI",data/raw/images/small/cc/cc65557f.jpg
q019,B07YTP7FL6|amazon.co.uk,0,not similar,"similar visual but for a kitchen, not a bedroom",data/raw/images/small/97/97628e73.jpg,"Title: UMI. Essentials Paravent 4 Teilig Raumteiler 170 x 220 cm Trennwand (Weiß)
Category: Home & Garden/Home & Kitchen/Categories/Furniture/Bedroom Furniture/Panel Screens
Product type: ROOM_DIVIDER
Brand: UMI",data/raw/images/small/51/51fdcf85.jpg
q019,B07Z7LXK3N|amazon.co.uk,0,not similar,"similar visual but for a kitchen, not a bedroom",data/raw/images/small/97/97628e73.jpg,"Title: UMI. Essentials Musical Guitar Wall Clock for Living Room Dining Room Home Office
Category: Home & Garden/Home & Kitchen/Categories/Home Accessories/Clocks/Wall Clocks
Product type: CLOCK
Brand: UMI
Description: Guitar wall clock run with just only 1 AA battery, it keeps low energy consumption. Unique design can match almost any decoration. It also will be a best gift for your family, friends, music lover and colleagues.
Features: GREAT DESIGN: the music clock with black Arabic number, its easy to read. Precise quartz movements for accurate time and wall clocks operated by one AA battery(not included).; MATERIAL: The guitar wall clock is made of polyresin, musical note pendulum can swing and add a fun to your house.; PERFECT DECORATION: this art guitar shape wall clock adds an interest accent to home, office, bedroom, child room, study room, bar, cafe shop, music studio.; NICE WALL ART: Guitar wall clock features art style, unique design is a fun addition to your wall and will go well with decorations in both vintage and modern style.; SWEET GIFT: this guitar ornament is a great gift for parents, boyfriend, teenager, teacher, granddaughter or guitar lover. It's also an excellent present for Christmas, Birthday.",data/raw/images/small/b5/b5b26c34.jpg
q019,B07ZG3SHPD|amazon.in,2,exact match,"similar visual but for a kitchen, not a bedroom",data/raw/images/small/97/97628e73.jpg,"Title: (Renewed) Amazon Brand - Solimo 3-Piece Airtight Plastic Kitchen Storage Container Set, 500ml, Blue
Category: Kitchen & Dining/Kitchen Storage & Containers/Jars & Containers
Product type: JAR
Brand: Amazon Brand - Solimo
Color: Blue
Material: Plastic
Features: This Certified Refurbished product is tested to work and look like new with minimal to no signs of wear & tear; the product comes with relevant accessories and is backed by a minimum six month supplier backed warranty; box may be generic; Durable material with heavy guage PP (270 gm); Air tight with easy to use lock and seal mechanism; Color: Blue, Material: Plastic; Package Contents: 3-Pieces Container (500ml)",data/raw/images/small/70/70b8ae88.jpg
q019,B07ZG5PW39|amazon.in,2,exact match,"similar visual but for a kitchen, not a bedroom",data/raw/images/small/97/97628e73.jpg,"Title: (Renewed) Amazon Brand - Solimo Set of 3 Grocery Jar (450ml), Blue
Category: Kitchen & Dining/Kitchen Storage & Containers/Jars & Containers
Product type: JAR
Brand: Amazon Brand - Solimo
Color: Blue
Material: Plastic
Style: 3 Grocery Jars
Features: This Certified Refurbished product is tested to work and look like new with minimal to no signs of wear & tear; the product comes with relevant accessories and is backed by a minimum six month supplier backed warranty; box may be generic; Set of 3 jars with capacity of 450 ml each to hold your daily cereal, pulses and more; Made from food-grade, heavy-gauge, BPA-free plastic for durability and safe storage; Sturdy lid prevents spillage while keeping contents securely sealed; Odour-free construction to avoid foul smells of plastic",data/raw/images/small/d5/d5c024dc.jpg
q019,B082MLBYMV|amazon.in,2,exact match,"similar visual but for a kitchen, not a bedroom",data/raw/images/small/97/97628e73.jpg,"Title: (Renewed) Amazon Brand - Solimo Plastic Kitchen Storage Container Set, 750ml, 8-Pieces, Transparent
Category: Kitchen & Dining/Kitchen Storage & Containers/Jars & Containers
Product type: JAR
Brand: Amazon Brand - Solimo
Color: Red
Material: Plastic
Style: 8 Pieces
Features: This Certified Refurbished product is tested to work and look like new with minimal to no signs of wear & tear; the product comes with relevant accessories and is backed by a minimum six month supplier backed warranty; box may be generic; Airtight storage container made from robust, high-quality, food-grade, BPA-free plastic; Airtight lids with a special locking mechanism with 4 way-locking and silicon gasket which keeps moisture out; See through lid and body for easy identification of inner contents; Microwave-safe, Refrigerator-safe, Dishwasher-safe body",data/raw/images/small/01/0139684c.jpg
q019,B0852ZYV7H|amazon.in,2,exact match,"similar visual but for a kitchen, not a bedroom",data/raw/images/small/97/97628e73.jpg,"Title: (Renewed) Amazon Brand - Solimo Plastic Kitchen Storage Container Set, 1 Litre, 6-Pieces, Blue
Category: Kitchen & Dining/Kitchen Storage & Containers/Jars & Containers
Product type: JAR
Brand: Amazon Brand - Solimo
Color: Blue
Material: Plastic
Style: 6 Pieces
Features: This Certified Refurbished product is tested to work and look like new with minimal to no signs of wear & tear; the product comes with relevant accessories and is backed by a minimum six month supplier backed warranty; box may be generic; Airtight storage container made from robust, high-quality, food-grade, BPA-free plastic; Airtight lids with a special locking mechanism with 4 way-locking and silicon gasket which keeps moisture out; See through lid and body for easy identification of inner contents; Microwave-safe, Refrigerator-safe, Dishwasher-safe body",data/raw/images/small/da/dad25f11.jpg
q019,B086213X6K|amazon.co.uk,0,not similar,"similar visual but for a kitchen, not a bedroom",data/raw/images/small/97/97628e73.jpg,"Title: UMI. by Amazon Large Square Skeleton Wall clock 25 inches with Roman Numerals Big Oversized Kitchen Wall Clocks for Home Living Room
Category: Home & Garden/Home & Kitchen/Categories/Home Accessories/Clocks/Wall Clocks
Product type: CLOCK
Brand: UMI
Color: Square 25""
Dimensions (H x W x L): 3.6 x 63.5 x 63.5 centimeters
Description: Eono large metal retro style skeleton wall clock, made from sturdy and durable Iron Metal, features a vintage open back skeleton frame design and surrounding Roman Numerals with a distressed finish, will add charm to your home. Sweeping movement mechanism, silent and non-ticking. Wall clocks perfect for living room modern and bedroom! Specification: Color: Black Material: Wrought Iron Power By: 1*AA Carbon Battery(Not Included) Product Dimensions: 63.5 x 63.5 x 3.5 cm / 25"" x 25"" x 1.5"" Package Weight: 2.4kg / 5.3 lbs Package List 1 x Metal Wall Clock Warm notice: Please check the hour hand and minute hand do not cross each other, or the clock can not work normally. Please avoid using Alkaline Battery to ensure the accuracy of the clock.
Features: STYLISH & FUNCTION-Beautiful and practical black metal wall clocks, suitable for most styles of decoration used in kitchen, living room, bedroom, corridor, bar, etc.; SOFT TICKING SOUND- Runs calm and smoothly, high quality quartz clock movement,no more loud annoying ticking sounds with this 25"" clock, simply enjoy peace as time goes by; EASY TO READ- Large sized numberals and no cover in front to provide perfect visibility making clear reading. These decorative wall clocks use 1 ""AA"" battery - not included.; EASY TO HANG-Arrives fully assembled,simply hang to wall using the one round keyhole style installation located on the center back; FULL SATISFICATION GUARANTEE: If you have any question with our large clock, please tell us without hesitation, we will try our best to solve your problem.",data/raw/images/small/c6/c6d6af1b.jpg
q019,B08CDVRDP4|amazon.in,1,not much similar,"similar visual but for a kitchen, not a bedroom",data/raw/images/small/97/97628e73.jpg,"Title: (Renewed) Amazon Brand - Solimo Silicone Rubber Funnel for Kitchen, Set of 2, Green
Category: Kitchen & Dining/Kitchen Tools/Funnels
Product type: KITCHEN
Brand: Amazon Brand - Solimo
Color: Green
Material: Rubber
Style: Set of 2
Features: This Certified Refurbished product is tested to work and look like new with minimal to no signs of wear & tear; the product comes with relevant accessories and is backed by a minimum six month supplier backed warranty; box may be generic; Set of 2 Food grade silicone funnels for kitchen; 6.4 cm wide mouth to reduce spillage; Ideal for transferring liquids & oils; 7.5 cm deep to prevent product from toppling over",data/raw/images/small/81/81e5710b.jpg
q020,B07374K539|amazon.com,0,not similar,"darker color version of a similar product, not a light one",data/raw/images/small/8f/8f53d9db.jpg,"Title: Amazon Brand – Stone & Beam Modern Ceiling Pendant Light Chandelier Fixture With Glass Shade - 11.5 x 11.5 x 42 Inches, Black
Category: Lighting & Ceiling Fans/Ceiling Lights/Pendant Lights
Product type: LIGHT_FIXTURE
Brand: Stone & Beam
Color: Black
Material: Metal
Style: 现代款
Dimensions (H x W x L): 42 x 11.5 x 11.5 inches
Features: This smartly designed modern pendant light will add a sophisticated twist to a modern kitchen, dining room or bar area. Black metal is paired with a glass shade.; Modern, clean style; Metal hardware with charcoal finish, clear glass shade; Provides ample light along with a strong, modern style statement; 42""H x 11.5""W x 11.5""D; Product is hardwired (professional installation recommended); Intended for indoor use only",data/raw/images/small/ba/ba7a184e.jpg
q020,B0749TX8MM|amazon.co.uk,0,not similar,"darker color version of a similar product, not a light one",data/raw/images/small/8f/8f53d9db.jpg,"Title: AmazonBasics Double layer rollo blind, Dark Grey, 96 x 150 cm
Category: Home & Garden/Home & Kitchen/Categories/Home Accessories/Window Treatments/Blinds/Roller Blinds
Product type: WINDOW_SHADE
Brand: AmazonBasics
Color: Dark Grey
Material: Fabric
Dimensions (H x W x L): 96 x 0.97 x 150 centimeters
Features: Double roller-style window blind provides privacy and darkness; cord for smooth up/down adjustments; Double rollers allow for adjustable levels of sunlight to be let through depending on their position; Made of 100% UV-resistant polyester fabric that resists colour fading; choice of colour and size; Clips for mounting included; easy to install and uninstall; no drilling required",data/raw/images/small/69/69d0298f.jpg
q020,B075X5TN2K|amazon.com,2,exact match,"darker color version of a similar product, not a light one",data/raw/images/small/8f/8f53d9db.jpg,"Title: Amazon Brand – Stone & Beam Marin Studded Chair, 33""W, Tan
Category: Furniture/Accent Furniture
Product type: HOME_FURNITURE_AND_DECOR
Brand: Stone & Beam
Color: Tan
Material: stone
Dimensions (H x W x L): 37 x 33 x 41 inches
Features: This item is made to order just for you; 33""W x 41""D x 37""H; Sturdy hardwood frame with durable performance fabric upholstery; Removable and reversible back and seat cushions add lasting style.; Assemble in 15 minutes or less. Vacuum or wipe with a dry cloth. Spot clean if needed.; Free returns for 30 days. 3-year warranty.; Clean lines accentuated by trim and nailhead detail will have this transitional chair turning heads. The loose back and plush seat cushion, and tapered wood legs, add to the sophisticated silhouette.",data/raw/images/small/e2/e2eb996f.jpg
q020,B07B83KVGK|amazon.com,2,exact match,"darker color version of a similar product, not a light one",data/raw/images/small/8f/8f53d9db.jpg,"Title: Amazon Brand – Rivet Mid-Century Modern Wood Dining Chair, 30""H, Natural
Category: Furniture/Kitchen & Dining Room Furniture/Chairs
Product type: CHAIR
Brand: Rivet
Color: Natural
Material: Wood
Style: 0
Dimensions (H x W x L): 29.9 x 20.1 x 22.4 inches
Features: This mid-century modern chair will bring a smart style twist to your dining space. A curved back adds comfort. Its versatile, compact size can also work as extra seating in your living space or as a desk chair.; 20.1""W x 22.4""D x 29.9""H; Hardwood with walnut veneer; Mid-century style with traditional finish helps this chair work with a range of décor; A curved back provides extra comfort; No assembly required; Free returns for 30 days. 1-year warranty.",data/raw/images/small/31/31a4f9de.jpg
q020,B07CSTYZFY|amazon.com,1,"not visually match, but products mathces","darker color version of a similar product, not a light one",data/raw/images/small/8f/8f53d9db.jpg,"Title: Stone & Beam Linen Swatch, Stone & Beam
Category: Furniture/Living Room Furniture/Chairs
Product type: CHAIR
Brand: Stone & Beam
Color: Linen",data/raw/images/small/58/58039385.jpg
q020,B07HK68BFV|amazon.in,0,not similar,"darker color version of a similar product, not a light one",data/raw/images/small/8f/8f53d9db.jpg,"Title: AmazonBasics Stone and Beam Contemporary Round Woven Pendant, 12.75""H, Ob4
Category: Indoor Lighting/Ceiling Lighting/Pendant Lights
Product type: LIGHT_FIXTURE
Brand: AmazonBasics
Color: Dark Brown
Dimensions (H x W x L): 12.75 x 16.65 x 16.65 inches
Features: Make sure this fits by entering your model number; Lighting: Pendant; Round woven pendant; No battery",data/raw/images/small/68/68129822.jpg
q020,B07HSBJ5D6|amazon.com,1,not much darker,"darker color version of a similar product, not a light one",data/raw/images/small/8f/8f53d9db.jpg,"Title: Amazon Brand – Rivet Dunford Modern Kitchen Dining Chair, 33 Inch Height, Ivory
Category: Furniture/Kitchen & Dining Room Furniture/Chairs
Product type: CHAIR
Brand: Rivet
Color: Ivory
Material: Wood
Dimensions (H x W x L): 33 x 24 x 24 inches
Features: This gorgeous ivory dining chair is a modern twist on the classic wingback design. The plush curves and bold angles offer stylish comfort with a contemporary flair.; Solid wood frame with brass metal leg; Curved base for additional support without stretchers; Avoid moisture. Wipes clean with soft, dry cloth.; 24""D x 24""W x 33""H; Free returns for 30 days. 1-year warranty.",data/raw/images/small/e8/e81fbd12.jpg
q020,B07HSDWZ2L|amazon.com,1,not much darker,"darker color version of a similar product, not a light one",data/raw/images/small/8f/8f53d9db.jpg,"Title: Amazon Brand – Stone & Beam Wickstrom Upholstered Counter-Height Bar Stool with Arms, 37""H, Caribbean Sand Beige
Category: Furniture/Game & Recreation Room Furniture/Home Bar Furniture/Barstools
Product type: STOOL_SEATING
Brand: Stone & Beam
Color: Caribean Sand Beige
Material: stone
Dimensions (H x W x L): 37 x 21 x 22 inches
Features: This stylish counter-height barstool features a classic wingback design, complete with armrests and a curved seatback for all-around comfort. The plush seat and cushioned frame are upholstered in gorgeous neutral fabric, and dark wood legs complete the elegant appearance.; Overall: 23""D x 23""W x 37""H; Solid wood frame and legs with metal kickplate; Curved back legs add a flair of style without compromising strength; Avoid moisture. Wipes clean with soft, dry cloth.; Free returns for 30 days. 3-year warranty",data/raw/images/small/dd/dda78316.jpg
q020,B07HSKXDRL|amazon.com,1,not much darker,"darker color version of a similar product, not a light one",data/raw/images/small/8f/8f53d9db.jpg,"Title: Amazon Brand – Rivet Decatur Modern Kitchen Counter-Height Stool, 37""H, Chalk
Category: Furniture/Game & Recreation Room Furniture/Home Bar Furniture/Barstools
Product type: STOOL_SEATING
Brand: Rivet
Color: Chalk
Style: Counter Stool
Dimensions (H x W x L): 38 x 18 x 22 inches
Features: This beautiful modern counter barstool features a bold squared-off design for both the seat and legs. The metal frame, supported by an H-spreader bar, supports a plush, backed, armless seat covered in durable upholstery.; Overall: 22""D x 18""W x 37""H. Seat height: 26""; Solid wooden frame and black metal legs combine for maximum style and support; Avoid moisture. Wipes clean with soft, dry cloth.; Arrives fully assembled.; Free returns for 30 days. 1-year warranty",data/raw/images/small/df/df9824b2.jpg
q020,B07K7729MV|amazon.co.uk,1,"similar, but very light","darker color version of a similar product, not a light one",data/raw/images/small/8f/8f53d9db.jpg,"Title: UMI by Amazon 4 PCS Stretch Jacquard Chair Protector Elastic Spandex Slipcovers Chair Covers Beige
Category: Home & Garden/Home & Kitchen/Categories/Home Accessories/Slipcovers/Dining Chair Slipcovers
Product type: FURNITURE_COVER
Brand: UMI
Color: Beige
Material: Fabric
Description: Umi. Essentials Wedding Banquet Stretch Slipcover Spandex Chair Cover Umi. Essentials Wedding Banquet Stretch Spandex Chair Covers perfect for banquet chairs, this high quality stretchable fabric fit a variety of chair, and you can put it on chair easily. Materials: the chair covers are made of 85% polyester and 15% spandex, flexible enough so that the process of stretching over the chair won’t take too much time. Size: 17.7 x 17.7 x 23.6 Inch / 45 x 45 x 60 cm Color: there are 6 colours for choosing. Beige, Navy Blue, Grey, Burgundy, Black, White. What’s more, it’s easy to clean without extra trouble. Package: 2pcs, 4pcs, 6pcs. Note: due to differences in computer monitors display, there can be colour variations between the actual product and your screen.
Features: Made from 85% polyester and 15% spandex. Suitable for Chairs which are semi-rounded top, round top, square top; Size: The back of the chair is 18 - 24 inches height and 15 - 18 inches width, the seat is 15 - 18 inches length, 14 - 18 inches width and 1.5 - 4 inches height.; We use wrinkle fabric for this beautiful chair slipcover to protect your chairs from stains and spills and make them more cleanable and comfortable.; Umi chair protector covers are perfect for home dining chairs and also be used in hotels, wedding celebrations, banquet, party decorations, offices, ceremony, and many more; Care Instructions: Machine Washable with cold water. Tumble Dry Low. Do Not Bleach Nor Ironing.",data/raw/images/small/5e/5e23eace.jpg
q020,B07MBFDQLY|amazon.com,1,"similar, but very light","darker color version of a similar product, not a light one",data/raw/images/small/8f/8f53d9db.jpg,"Title: Amazon Brand – Ravenna Home Modern Dining Chair, 36 Inch Height, White, Set of 2
Category: Furniture/Game & Recreation Room Furniture/Home Bar Furniture/Barstools
Product type: STOOL_SEATING
Brand: Ravenna Home
Style: Dining Chair
Dimensions (H x W x L): 36 x 23.75 x 18 inches
Features: Overall: 24.5""W x 18""D x 36""H; seat height: 18""; seat depth: 17.5""D; seat back height: 19""H; Dining chair of durable fabric on wood frame; Contemporary design with wooden frame and upholstered white fabric; solid-wood legs with black finish; Foam padding and elastic suspension system keep the back and seat firm and springy.; Assemble in 15 minutes or less; Avoid moisture. Wipe clean with soft, dry cloth.; Free returns for 30 days. 1-year warranty.",data/raw/images/small/6c/6c7942ef.jpg
q020,B07PCDH33Z|amazon.in,0,not similar,"darker color version of a similar product, not a light one",data/raw/images/small/8f/8f53d9db.jpg,"Title: Amazon Brand - Solimo Gas Lighter
Category: Kitchen & Dining/Kitchen Tools/Gas Lighters
Product type: MECHANICAL_LIGHTER
Brand: Amazon Brand - Solimo
Color: Silver
Material: Plastic
Features: Made from high quality stainless steel; Standard lighting mechanism of a gas lighter; Tested for 500 cycles; Handle is designed to make grip comfortable; Ideal for any kitchen gas stove; Dimensions - 17x6.3cm",data/raw/images/small/e2/e22c5a92.jpg
q020,B07Q69D1KL|amazon.com,0,not similar,"darker color version of a similar product, not a light one",data/raw/images/small/8f/8f53d9db.jpg,"Title: AmazonBasics 25 feet of Black Patio Lights and Command Outdoor Light Clips, damage-free decorating, 20 Clips & 24 Strips
Category: Lighting & Ceiling Fans/Outdoor Lighting/String Lights
Product type: STRING_LIGHT
Brand: AmazonBasics
Color: Black
Style: Patio Lights + Light Clips
Features: 25-foot patio string of lights with 25 clear incandescent G40 globe bulbs; ideal for decks, yards, outdoor venues, and indoor decor; End-to-end connectable design; male plug with 6-inch lead to first bulb and female connector with 6-inch lead to last bulb; INCLUDES - 20 White Command Outdoor Light Clips and 24 Small Command Outdoor Strips; DAMAGE-FREE DECORATING- Say goodbye to holes, marks, or sticky residue on the exterior of your home; Command Outdoor Light Clips are easy to use and help keep your surfaces looking beautiful",data/raw/images/small/61/61a8a031.jpg
q020,B07QBQBXTD|amazon.com,1,not much darker,"darker color version of a similar product, not a light one",data/raw/images/small/8f/8f53d9db.jpg,"Title: Amazon Brand – Stone & Beam Dining Chair with Deep Tufting, 42""H, Hemp
Category: Furniture/Kitchen & Dining Room Furniture/Chairs
Product type: CHAIR
Brand: Stone & Beam
Color: Hemp
Material: Brass
Dimensions (H x W x L): 42.13 x 25.98 x 23.23 inches
Features: Deep tufting creates texture and depth on this traditional dining chair. The brass nail design creates a contrast with hemp-colored upholstery. Upholstery fabric repels both water and stains, making the chair simple to care for. The chair is supported by a durable hardwood frame.; 23""W x 26""D x 42""H; seat height: 20""H; seat depth: 18""D; seat back height: 22""H; Solid hardwood frame with moisture-repellent, stain-resistant fabric made of 95% polyester, 5% nylon; Classic design, deep tufting, and brass nails; No assembly required; Avoid moisture. Wipe with a soft, dry cloth.; Free returns for 30 days. 3-year warranty.",data/raw/images/small/52/526ba396.jpg
q020,B07QD5RGPB|amazon.com,0,not similar,"darker color version of a similar product, not a light one",data/raw/images/small/8f/8f53d9db.jpg,"Title: Amazon Brand – Rivet Mid-Century Vanity Light, 10""H, Dark Bronze
Category: Lighting & Ceiling Fans/Wall Lights/Vanity Lights
Product type: LIGHT_FIXTURE
Brand: Rivet
Color: Dark Bronze
Material: Metal
Dimensions (H x W x L): 10 x 31.5 x 8.4 inches
Features: This mid-century vanity light adds a modern element to your bathroom decor. The round matte-white shades provide even lighting and form a striking contrast to the dark-bronze finish.; 31.5""W x 8.4""D x 10""H; Metal construction with a dark-bronze finish; matte-white glass shades; The dark-bronze finish on this 3-light vanity is complemented by round matte-white shades that provide perfect ambient lighting for your space.; Hardwired; 3 A19 60-watt maximum bulbs required; Expert installation required; Indoor use only; mounting hardware included",data/raw/images/small/10/109a0f1e.jpg
q020,B07QFRT4NR|amazon.com,1,"not much similar, but darker","darker color version of a similar product, not a light one",data/raw/images/small/8f/8f53d9db.jpg,"Title: Amazon Brand – Stone & Beam Elden Leather Nailhead-Trim Kitchen Counter-Height Backless Stool, 26""H, Cognac
Category: Furniture/Game & Recreation Room Furniture/Home Bar Furniture/Barstools
Product type: STOOL_SEATING
Brand: Stone & Beam
Color: Light Brown Leather
Dimensions (H x W x L): 25.98 x 14.17 x 19.69 inches
Features: This versatile modern farmhouse barstool features solid hardwood frame and legs. The seat is covered with durable top grain leather that holds up to a busy family's wear and tear.; 20""W x 14""D x 26""H; seat height: 26""H; seat depth: 14""D; Solid wood frame with top grain leather seat covering; Tall, sturdy wood legs provide stability, and cognac-colored top grain leather is durable and long lasting.; The brushed-brass nailhead trim adds a classy accent to this modern farmhouse barstool.; No assembly required; Avoid moisture. Wipe with a soft, dry cloth.; Free returns for 30 days. 3-year warranty.",data/raw/images/small/66/6665faf2.jpg
q020,B07QJLBQBJ|amazon.com,0,not similar,"darker color version of a similar product, not a light one",data/raw/images/small/8f/8f53d9db.jpg,"Title: Amazon Brand – Stone & Beam Industrial Wall Sconce Light with Clear Glass Shade, 9.5""H, Dark Bronze
Category: Lighting & Ceiling Fans/Wall Lights/Wall Lamps & Sconces
Product type: LIGHT_FIXTURE
Brand: Stone & Beam
Color: Painted Bronze
Dimensions (H x W x L): 12.38 x 9.13 x 11.75 inches
Features: Quick installation means that you can easily bring light wherever you need it without adding a lot of extra furniture. The dark-bronze design of the compact, sturdy metal wall fixture will add a classic touch to any space. Light beams from the elongated clear glass shade, brightening any room.; 6.75""W x 9""D x 9.5""H; Dark-bronze wall sconce with 1 light and an elongated clear glass shade; This versatile design mixes a touch of the nautical with modern industrial sophistication.; Includes 1 LED vintage-style bulb",data/raw/images/small/a3/a36733be.jpg
q020,B07TT6GYQJ|amazon.com,0,not similar,"darker color version of a similar product, not a light one",data/raw/images/small/8f/8f53d9db.jpg,"Title: AmazonBasics 210 LED Indoor Outdoor Blue Rope Light, 20-Foot
Category: Seasonal Décor/Seasonal Lighting/Rope Lights
Product type: STRING_LIGHT
Brand: AmazonBasics
Color: Blue
Material: Plastic
Dimensions (H x W x L): 1 x 1 x 244 inches
Features: This 20-foot blue rope light illuminates with 210 LED lights for a unique atmosphere in any space; Rope is flexible, and durable, allowing it to be wrapped around objects or laying flat against surfaces; Commercial-grade end-to-end connectors; Outdoor rated for use outside the home; Mounting hardware included; Connect up to 8 20' rope lights together for a total of 160' of length",data/raw/images/small/02/028d7efc.jpg
q020,B07TXD56K8|amazon.sg,0,not similar,"darker color version of a similar product, not a light one",data/raw/images/small/8f/8f53d9db.jpg,"Title: AmazonBasics 210 LED Indoor Outdoor Yellow Rope Light, 20-Foot
Category: Lighting Fixtures/Rope Lights
Product type: STRING_LIGHT
Brand: AmazonBasics
Color: Yellow
Material: Plastic
Dimensions (H x W x L): 1 x 1 x 244 inches
Features: This 20-foot rope light illuminates with 210 yellow colored LED lights and provides a unique atmosphere in any space; Rope is flexible, and durable, allowing it to be wrapped around objects or laying flat against surfaces; Commercial-grade end-to-end connectors; Outdoor rated for use outside the home; Mounting hardware included; Connect up to 8 20' rope lights together for a total of 160' of length",data/raw/images/small/96/96ca498f.jpg
q020,B07TYHNSNS|amazon.co.uk,0,not similar,"darker color version of a similar product, not a light one",data/raw/images/small/8f/8f53d9db.jpg,"Title: AmazonBasics 210 Indoor Outdoor LED Orange Rope Light, 20-Foot
Category: Home & Garden/Home & Kitchen/Categories/Cooking & Dining
Product type: STRING_LIGHT
Brand: AmazonBasics
Color: Orange
Material: Plastic
Dimensions (H x W x L): 1 x 1 x 244 inches
Features: This 20-foot orange rope light illuminates with 210 LED lights for a unique atmosphere in any space; Rope is flexible, and durable, allowing it to be wrapped around objects or laying flat against surfaces; Commercial-grade end-to-end connectors; Outdoor rated for use outside the home; Mounting hardware included; Connect up to 8 20' rope lights together for a total of 160' of length",data/raw/images/small/05/05c37fa4.jpg
q020,B07TZRJSQG|amazon.com,1,not much darker,"darker color version of a similar product, not a light one",data/raw/images/small/8f/8f53d9db.jpg,"Title: Amazon Brand – Rivet Whit Contemporary Upholstered Counter Height Stool with Gold Accents, 37""H, Chalk
Category: Furniture/Game & Recreation Room Furniture/Home Bar Furniture/Barstools
Product type: STOOL_SEATING
Brand: Rivet
Color: Chalk
Dimensions (H x W x L): 37 x 20 x 20 inches
Features: The dual-height stretcher bars that lend this high-rise barstool additional support double as a comfort-enhancing footrest. The rounded, open-backed design, upholstered in gorgeous chalk white, lends an air of contemporary chic and modern sensibility to any setting.; 20""D x 20""W x 37""H; Seat Height: 26""; Solid wood frame & legs with dark brown finish with gold accents; Dual-height stretcher bars add stability and double as a convenient footrest; Avoid moisture. Wipes clean with soft, dry cloth.; Free returns for 30 days. 1-year warranty",data/raw/images/small/55/55697bc8.jpg
q020,B07VGQNXZY|amazon.co.uk,0,not similar,"darker color version of a similar product, not a light one",data/raw/images/small/8f/8f53d9db.jpg,"Title: Umi. Essentials Digital Alarm Clock - 1.2 Inch Digits Display, Snooze, Non Ticking, Battery Operated Only, Black
Category: Home & Garden/Home & Kitchen/Categories/Home Accessories/Clocks/Alarm Clocks
Product type: CLOCK
Brand: UMI
Color: Black
Dimensions (H x W x L): 1.6 x 2.5 x 5.1 inches
Description: Product Specifications: Product Dimensions: 5.1 x 2.5 x 1.6 inch LED Screen Size: 4.1 x 1.5 inch Backlight: Red LED Material: Premium plastic Display Format: 12/24 time mode Battery: 4 x AA alkaline batteries (NOT INCLUDED)
Features: Powered by 4 x AA alkaline batteries (not included) for over 12 months; Large display (1.2"") for easy reading at a distance or in the dark; Features 3 adjustable brightness levels and an automatic night mode (8 PM - 6 AM) so it won't interrupt your sleep; Increasingly loud 90 second alarm, with 7-minute snooze button; Easy to set up and use, with an attractive, modern design",data/raw/images/small/db/db73de0b.jpg
q020,B081FGSKG9|amazon.in,0,not similar,"darker color version of a similar product, not a light one",data/raw/images/small/8f/8f53d9db.jpg,"Title: Amazon Brand - Solimo Fabric Rectangular Storage Box, Small, Set of 1, Dark Grey
Category: Home Storage & Organization/Boxes, Baskets & Bins/Storage Boxes & Chests/Storage Boxes
Product type: HOME
Brand: Amazon Brand - Solimo
Color: Dark Grey
Material: Fabric
Style: Pack of 1
Dimensions (H x W x L): 130 x 190 x 260 millimeters
Features: Material: Fabric, Color: Dark Grey; Package Contents: 1 rectangular storage box; Size: 26 cm x 19 cm x 13 cm; Made from premium quality material; Ideal for regular use; Easy to maintain; For more details, please refer to the product pack",data/raw/images/small/ea/ea579bda.jpg
q020,B0824F7ZLF|amazon.com,0,not similar,"darker color version of a similar product, not a light one",data/raw/images/small/8f/8f53d9db.jpg,"Title: Amazon Brand – Ravenna Home Traditional Metal Downbridge Floor Lamp with Adjustable Shade, LED Bulb Included, 58.25""H, Dark Bronze
Category: Lighting & Ceiling Fans/Lamps & Shades/Floor Lamps
Product type: LAMP
Brand: Ravenna Home
Color: Dark Bronze
Material: Metal
Style: Floor
Dimensions (H x W x L): 58.25 x 10 x 20 inches
Features: 10""W x 20""D x 58.25""H; Off-white linen tapered drum shade, dark-bronze base; The adjustable shade allows you to direct light where you need it most, making this an especially adaptable and useful lamp.; Uses 1 60-watt incandescent or LED-equivalent bulb. An energy-efficient 9-watt warm-white LED bulb is included.; Assemble in 15 minutes or less",data/raw/images/small/6a/6ab19530.jpg
q020,B082VMWB4G|amazon.com,1,not much darker,"darker color version of a similar product, not a light one",data/raw/images/small/8f/8f53d9db.jpg,"Title: Amazon Brand – Rivet Jamie Upholstered Mid-Century Modern Low Arm Accent Chair, 31""W, Chalk
Category: Furniture/Living Room Furniture/Chairs
Product type: CHAIR
Brand: Rivet
Color: Chalk
Material: Polyester
Style: Mid-Century Modern
Dimensions (H x W x L): 35.04 x 32.28 x 31.1 inches
Features: A great addition to any room, this versatile accent chair is sure to be a conversation piece. It features eye catching Mid-century inspired design with distinctive slanted arms and sturdy hardwood legs.; 31""W x 32.3""D x 35”H; Solid hardwood frame with fabric blend of 70% Polyester, 20% Linen, 10% Cotton.; Highly fashionable design in a compact size for small spaces.; Free returns for 30 days. 1-year warranty.; Simple leg assembly. Wipe with a soft, dry cloth.",data/raw/images/small/4c/4c39fb52.jpg
q020,B084W339RK|amazon.com,1,"not much similar, but darker","darker color version of a similar product, not a light one",data/raw/images/small/8f/8f53d9db.jpg,"Title: Amazon Brand – Stone & Beam Vivianne Modern Upholstered Dining Chair with Casters, 24.4""W, Slate
Category: Furniture/Kitchen & Dining Room Furniture/Chairs
Product type: CHAIR
Brand: Stone & Beam
Color: Slate
Style: With Arms
Dimensions (H x W x L): 36.5 x 27.5 x 24.25 inches
Features: This beautiful modern chair will add a touch of class to your dining room. Comfortable and softly elegant, this slate-colored upholstered chair combines form and function. Reimagine your space with a contemporary flair, and enjoy a quiet dinner for two or fabulous seating for twelve!; 24.4""W x 27.6""D x 36.2""H; seat height: 20.9""H; seat depth: 17.3""D; seat back height: 33.1""H; arm height: 25.6""H; leg height: 2""H; Solid hardwood frame with moisture-repellent, stain-resistant fabric; These chairs have wheels, which makes them easy to move and comfortable to adjust.; Feather-filled cushions provide great comfort.; No assembly required; Avoid moisture. Wipe clean with a soft, dry cloth.; Free returns for 30 days. 3-year warranty.",data/raw/images/small/25/25e0ab24.jpg
q020,B085693MWK|amazon.com,2,exact match,"darker color version of a similar product, not a light one",data/raw/images/small/8f/8f53d9db.jpg,"Title: Amazon Brand – Rivet Decatur Modern Faux Leather Kitchen Bar Stool, 41""H, Tan Brown
Category: Furniture/Game & Recreation Room Furniture/Home Bar Furniture/Barstools
Product type: STOOL_SEATING
Brand: Rivet
Color: Tan Brown
Dimensions (H x W x L): 40.94 x 22.05 x 18.11 inches
Features: This beautiful modern barstool features a bold squared-off design for both the seat and legs. The metal frame, supported by an H-spreader bar encompasses a plush, backed, armless seat upholstered in durable faux leather.; Overall: 22""D x 18""W x 41""H. Seat height: 30""; Solid wooden frame and black metal legs combine for maximum style and support; Avoid moisture. Wipes clean with soft, dry cloth.; Arrives fully assembled.; Free returns for 30 days. 1-year warranty",data/raw/images/small/8e/8ebbcd18.jpg
